title,rating,numOfRatings,FirstMovieRecommendation,SecondMovieRecommendation,ThirdMovieRecommendation,FourthMovieRecommendation
'Til There Was You (1997),2.3333333333333335,9,"Edge, The (1997)",William Shakespeare's Romeo and Juliet (1996),Star Trek: The Wrath of Khan (1982),Dumbo (1941)
1-900 (1994),2.6,5,"Full Monty, The (1997)","Crow, The (1994)","Ice Storm, The (1997)",Hoop Dreams (1994)
101 Dalmatians (1996),2.908256880733945,109,Murder at 1600 (1997),Miracle on 34th Street (1994),Being There (1979),"Remains of the Day, The (1993)"
12 Angry Men (1957),4.344,125,Ulee's Gold (1997),Rear Window (1954),Seven Years in Tibet (1997),Clerks (1994)
187 (1997),3.024390243902439,41,Maverick (1994),Conan the Barbarian (1981),"Magnificent Seven, The (1954)",Cool Hand Luke (1967)
2 Days in the Valley (1996),3.225806451612903,93,"Deer Hunter, The (1978)",North by Northwest (1959),"Bridge on the River Kwai, The (1957)",Ulee's Gold (1997)
"20,000 Leagues Under the Sea (1954)",3.5,72,True Romance (1993),Ben-Hur (1959),Kiss the Girls (1997),Seven Years in Tibet (1997)
2001: A Space Odyssey (1968),3.969111969111969,259,True Romance (1993),Natural Born Killers (1994),Being There (1979),Dr. Strangelove or: How I Learned to Stop Worrying and Love the Bomb (1963)
3 Ninjas: High Noon At Mega Mountain (1998),1.0,5,-,-,-,-
"39 Steps, The (1935)",4.0508474576271185,59,Con Air (1997),"Frighteners, The (1996)",Swingers (1996),"River Wild, The (1994)"
8 1/2 (1963),3.8157894736842106,38,Star Trek VI: The Undiscovered Country (1991),"Rainmaker, The (1997)",One Fine Day (1996),"Close Shave, A (1995)"
8 Heads in a Duffel Bag (1997),3.25,4,Jerry Maguire (1996),Rosewood (1997),"River Wild, The (1994)",Ransom (1996)
8 Seconds (1994),3.75,4,"Devil's Advocate, The (1997)",Die Hard 2 (1990),Die Hard: With a Vengeance (1995),Seven (Se7en) (1995)
A Chef in Love (1996),4.125,8,Austin Powers: International Man of Mystery (1997),Tomorrow Never Dies (1997),In & Out (1997),"Bridge on the River Kwai, The (1957)"
Above the Rim (1994),3.0,5,Father of the Bride Part II (1995),"First Wives Club, The (1996)",This Is Spinal Tap (1984),Fly Away Home (1996)
Absolute Power (1997),3.37007874015748,127,Murder at 1600 (1997),Volcano (1997),"African Queen, The (1951)",Mimic (1997)
"Abyss, The (1989)",3.589403973509934,151,William Shakespeare's Romeo and Juliet (1996),Ghost (1990),Singin' in the Rain (1952),Amistad (1997)
Ace Ventura: Pet Detective (1994),3.0485436893203883,103,"Edge, The (1997)",Scream 2 (1997),Shine (1996),"Nightmare on Elm Street, A (1984)"
Ace Ventura: When Nature Calls (1995),2.675675675675676,37,Secrets & Lies (1996),"Killing Fields, The (1984)",Spawn (1997),"Good, The Bad and The Ugly, The (1966)"
Across the Sea of Time (1995),2.75,4,Star Trek: Generations (1994),Beauty and the Beast (1991),Benny & Joon (1993),GoldenEye (1995)
Addams Family Values (1993),2.8160919540229883,87,Father of the Bride Part II (1995),Jungle2Jungle (1997),"Fifth Element, The (1997)",Gattaca (1997)
Addicted to Love (1997),3.1666666666666665,54,Little Women (1994),Patton (1970),Stargate (1994),12 Angry Men (1957)
"Addiction, The (1995)",2.1818181818181817,11,That Thing You Do! (1996),Seven Years in Tibet (1997),"Sex, Lies, and Videotape (1989)",Ben-Hur (1959)
"Adventures of Pinocchio, The (1996)",3.051282051282051,39,Bonnie and Clyde (1967),In the Name of the Father (1993),What's Eating Gilbert Grape (1993),"Edge, The (1997)"
"Adventures of Priscilla, Queen of the Desert, The (1994)",3.5945945945945947,111,"Devil's Advocate, The (1997)","Sex, Lies, and Videotape (1989)",Donnie Brasco (1997),Alien: Resurrection (1997)
"Adventures of Robin Hood, The (1938)",3.791044776119403,67,Mimic (1997),Gattaca (1997),"Peacemaker, The (1997)",Everyone Says I Love You (1996)
"Affair to Remember, An (1957)",4.1923076923076925,26,Fly Away Home (1996),G.I. Jane (1997),Star Trek: The Motion Picture (1979),Dante's Peak (1997)
"African Queen, The (1951)",4.184210526315789,152,Absolute Power (1997),"Wizard of Oz, The (1939)","Nutty Professor, The (1996)",Miracle on 34th Street (1994)
Afterglow (1997),3.111111111111111,18,True Lies (1994),This Is Spinal Tap (1984),Reservoir Dogs (1992),"Maltese Falcon, The (1941)"
"Age of Innocence, The (1993)",3.3846153846153846,65,Little Women (1994),Ulee's Gold (1997),"Remains of the Day, The (1993)",101 Dalmatians (1996)
Aiqing wansui (1994),5.0,1,-,-,-,-
Air Bud (1997),2.558139534883721,43,"Craft, The (1996)",Miracle on 34th Street (1994),Arsenic and Old Lace (1944),Waterworld (1995)
Air Force One (1997),3.6310904872389793,431,"Hunt for Red October, The (1990)","Firm, The (1993)",Murder at 1600 (1997),Eraser (1996)
"Air Up There, The (1994)",2.8125,16,Fly Away Home (1996),"Deer Hunter, The (1978)",G.I. Jane (1997),On Golden Pond (1981)
Airheads (1994),2.34375,32,Ulee's Gold (1997),"Magnificent Seven, The (1954)","Last of the Mohicans, The (1992)",Alien: Resurrection (1997)
Akira (1988),3.38,50,Amistad (1997),"Ice Storm, The (1997)",Kolya (1996),Seven Years in Tibet (1997)
Aladdin (1992),3.8127853881278537,219,"Lion King, The (1994)",Cinderella (1950),Grumpier Old Men (1995),Mrs. Doubtfire (1993)
Aladdin and the King of Thieves (1996),2.8461538461538463,26,Kiss the Girls (1997),Big Night (1996),Strictly Ballroom (1992),Evita (1996)
Alaska (1996),2.6923076923076925,13,Lost Highway (1997),Platoon (1986),"Adventures of Priscilla, Queen of the Desert, The (1994)",Event Horizon (1997)
Albino Alligator (1996),2.5,6,"Cable Guy, The (1996)",GoldenEye (1995),Get Shorty (1995),"Full Monty, The (1997)"
Alice in Wonderland (1951),3.6666666666666665,81,G.I. Jane (1997),"Hunchback of Notre Dame, The (1996)",Welcome to the Dollhouse (1995),"Devil's Advocate, The (1997)"
Alien (1979),4.034364261168385,291,Ulee's Gold (1997),Swingers (1996),"Magnificent Seven, The (1954)",Alien: Resurrection (1997)
Alien 3 (1992),2.83,100,Ulee's Gold (1997),William Shakespeare's Romeo and Juliet (1996),Alien: Resurrection (1997),"Peacemaker, The (1997)"
Alien: Resurrection (1997),3.096774193548387,124,Miracle on 34th Street (1994),Outbreak (1995),Kolya (1996),Batman (1989)
Aliens (1986),3.9471830985915495,284,Alien (1979),William Shakespeare's Romeo and Juliet (1996),"Mask, The (1994)",Good Will Hunting (1997)
All About Eve (1950),4.045454545454546,66,Kiss the Girls (1997),Seven Years in Tibet (1997),Fly Away Home (1996),Executive Decision (1996)
All Dogs Go to Heaven 2 (1996),1.8666666666666667,15,Scream 2 (1997),"Peacemaker, The (1997)","Edge, The (1997)",Air Force One (1997)
All Over Me (1997),3.0,3,-,-,-,-
All Things Fair (1996),3.0,1,-,-,-,-
Alphaville (1965),3.3333333333333335,12,Star Trek: The Wrath of Khan (1982),"Adventures of Priscilla, Queen of the Desert, The (1994)",Starship Troopers (1997),Benny & Joon (1993)
Amadeus (1984),4.163043478260869,276,Henry V (1989),Miracle on 34th Street (1994),"Boot, Das (1981)",William Shakespeare's Romeo and Juliet (1996)
Amateur (1994),3.1666666666666665,18,Amistad (1997),101 Dalmatians (1996),"Edge, The (1997)",Michael (1996)
"Amazing Panda Adventure, The (1995)",2.8,10,"Ghost and the Darkness, The (1996)",Conspiracy Theory (1997),Henry V (1989),Dr. Strangelove or: How I Learned to Stop Worrying and Love the Bomb (1963)
American Buffalo (1996),2.6363636363636362,11,Like Water For Chocolate (Como agua para chocolate) (1992),It's a Wonderful Life (1946),"Ice Storm, The (1997)",G.I. Jane (1997)
American Dream (1990),2.5,2,Full Metal Jacket (1987),Quiz Show (1994),"Professional, The (1994)",Pretty Woman (1990)
"American President, The (1995)",3.6280487804878048,164,G.I. Jane (1997),Dave (1993),Michael (1996),"Firm, The (1993)"
American Strays (1996),2.0,2,"English Patient, The (1996)","Postino, Il (1994)","Long Kiss Goodnight, The (1996)",Kingpin (1996)
"American Werewolf in London, An (1981)",3.5353535353535355,99,Kolya (1996),True Romance (1993),"Adventures of Priscilla, Queen of the Desert, The (1994)",Ulee's Gold (1997)
"American in Paris, An (1951)",3.7,50,Con Air (1997),Shine (1996),Spawn (1997),Heat (1995)
Amistad (1997),3.8548387096774195,124,"Frighteners, The (1996)",In the Name of the Father (1993),Fried Green Tomatoes (1991),Ghost (1990)
Amityville 1992: It's About Time (1992),1.0,5,-,-,-,-
Amityville 3-D (1983),1.1666666666666667,6,"Time to Kill, A (1996)",My Fair Lady (1964),Dr. Strangelove or: How I Learned to Stop Worrying and Love the Bomb (1963),Amadeus (1984)
"Amityville Curse, The (1990)",1.25,4,"Nightmare Before Christmas, The (1993)",Army of Darkness (1993),My Fair Lady (1964),Dr. Strangelove or: How I Learned to Stop Worrying and Love the Bomb (1963)
"Amityville Horror, The (1979)",2.5660377358490565,53,In & Out (1997),My Best Friend's Wedding (1997),Emma (1996),"Last of the Mohicans, The (1992)"
Amityville II: The Possession (1982),1.6428571428571428,14,Little Women (1994),"Devil's Own, The (1997)",Father of the Bride Part II (1995),"First Wives Club, The (1996)"
Amityville: A New Generation (1993),1.0,5,-,-,-,-
Amityville: Dollhouse (1996),1.0,3,-,-,-,-
Amos & Andrew (1993),2.6842105263157894,19,My Best Friend's Wedding (1997),Alien: Resurrection (1997),Event Horizon (1997),Shine (1996)
An Unforgettable Summer (1994),2.5,4,Happy Gilmore (1996),Kolya (1996),James and the Giant Peach (1996),Trainspotting (1996)
Anaconda (1997),2.289473684210526,38,Bonnie and Clyde (1967),Down Periscope (1996),Father of the Bride Part II (1995),Beavis and Butt-head Do America (1996)
Anastasia (1997),3.4242424242424243,66,Arsenic and Old Lace (1944),Cinderella (1950),Pink Floyd - The Wall (1982),"Abyss, The (1989)"
Andre (1994),3.111111111111111,18,Event Horizon (1997),Boogie Nights (1997),Kolya (1996),"Edge, The (1997)"
Angel Baby (1995),3.75,4,George of the Jungle (1997),Jackie Brown (1997),Austin Powers: International Man of Mystery (1997),Ulee's Gold (1997)
Angel and the Badman (1947),3.0,6,Ed Wood (1994),Miracle on 34th Street (1994),Sense and Sensibility (1995),Pinocchio (1940)
Angel on My Shoulder (1946),2.0,1,-,-,-,-
Angela (1995),3.0,1,-,-,-,-
Angels and Insects (1995),3.4166666666666665,72,True Romance (1993),Dumbo (1941),James and the Giant Peach (1996),Apt Pupil (1998)
Angels in the Outfield (1994),2.923076923076923,39,Spawn (1997),"Wrong Trousers, The (1993)",Cold Comfort Farm (1995),Cinema Paradiso (1988)
Angus (1995),2.642857142857143,14,"Rainmaker, The (1997)",Being There (1979),"Craft, The (1996)",Lawrence of Arabia (1962)
Anna (1996),4.5,2,Cold Comfort Farm (1995),Aladdin (1992),Gandhi (1982),"Godfather: Part II, The (1974)"
Anna Karenina (1997),3.090909090909091,33,Pinocchio (1940),Harold and Maude (1971),Michael (1996),Batman Returns (1992)
Anne Frank Remembered (1995),3.857142857142857,21,"African Queen, The (1951)","Remains of the Day, The (1993)",Cinema Paradiso (1988),"Peacemaker, The (1997)"
Annie Hall (1977),3.911111111111111,180,"Sex, Lies, and Videotape (1989)",Everyone Says I Love You (1996),Star Trek III: The Search for Spock (1984),"Room with a View, A (1986)"
Another Stakeout (1993),2.5,28,Mother (1996),Father of the Bride Part II (1995),Maverick (1994),"Hunchback of Notre Dame, The (1996)"
Antonia's Line (1995),3.9565217391304346,69,Lost Highway (1997),Kiss the Girls (1997),Executive Decision (1996),G.I. Jane (1997)
Aparajito (1956),3.5714285714285716,7,Star Trek: The Wrath of Khan (1982),"Good, The Bad and The Ugly, The (1966)",Clear and Present Danger (1994),Lawrence of Arabia (1962)
"Apartment, The (1960)",3.9365079365079363,63,"Long Kiss Goodnight, The (1996)","Peacemaker, The (1997)",Rumble in the Bronx (1995),Young Guns (1988)
Apocalypse Now (1979),4.04524886877828,221,"Deer Hunter, The (1978)",GoodFellas (1990),On Golden Pond (1981),Being There (1979)
Apollo 13 (1995),3.931159420289855,276,Michael (1996),"Peacemaker, The (1997)",G.I. Jane (1997),Wag the Dog (1997)
"Apostle, The (1997)",3.6545454545454548,55,Father of the Bride Part II (1995),"Nightmare Before Christmas, The (1993)","Adventures of Priscilla, Queen of the Desert, The (1994)","Remains of the Day, The (1993)"
"Apple Dumpling Gang, The (1975)",2.84,25,Kolya (1996),"Ghost and the Darkness, The (1996)",Event Horizon (1997),Everyone Says I Love You (1996)
April Fool's Day (1986),2.6666666666666665,15,Rumble in the Bronx (1995),"Hudsucker Proxy, The (1994)",My Fair Lady (1964),Courage Under Fire (1996)
Apt Pupil (1998),4.1,160,As Good As It Gets (1997),"Mask, The (1994)",Dave (1993),Clear and Present Danger (1994)
"Aristocats, The (1970)",3.1296296296296298,54,"Edge, The (1997)","Rainmaker, The (1997)",Grumpier Old Men (1995),Jackie Brown (1997)
Army of Darkness (1993),3.4310344827586206,116,Ulee's Gold (1997),"Full Monty, The (1997)","Wrong Trousers, The (1993)",Austin Powers: International Man of Mystery (1997)
Around the World in 80 Days (1956),3.6610169491525424,59,Kolya (1996),Rosewood (1997),Cop Land (1997),Mimic (1997)
"Arrival, The (1996)",3.036144578313253,83,Fried Green Tomatoes (1991),Tombstone (1993),Spawn (1997),Real Genius (1985)
Arsenic and Old Lace (1944),4.078260869565217,115,In & Out (1997),Grosse Pointe Blank (1997),Down Periscope (1996),"Hunchback of Notre Dame, The (1996)"
As Good As It Gets (1997),4.196428571428571,112,Apt Pupil (1998),"Mask, The (1994)",Batman Forever (1995),Glory (1989)
Assassins (1995),2.871794871794872,39,Father of the Bride Part II (1995),Starship Troopers (1997),"Ghost and the Darkness, The (1996)","Deer Hunter, The (1978)"
"Assignment, The (1997)",3.5,18,"Manchurian Candidate, The (1962)",Jackie Chan's First Strike (1996),"African Queen, The (1951)",Cool Hand Luke (1967)
"Associate, The (1996)",3.2439024390243905,41,Nikita (La Femme Nikita) (1990),Raging Bull (1980),Patton (1970),Die Hard 2 (1990)
Audrey Rose (1977),2.1666666666666665,12,Father of the Bride Part II (1995),Tin Cup (1996),Dante's Peak (1997),Crash (1996)
August (1996),1.0,1,-,-,-,-
Austin Powers: International Man of Mystery (1997),3.246153846153846,130,Gone with the Wind (1939),Happy Gilmore (1996),Mary Poppins (1964),Primal Fear (1996)
"Awfully Big Adventure, An (1995)",2.375,8,Courage Under Fire (1996),"Deer Hunter, The (1978)",Lone Star (1996),"Close Shave, A (1995)"
Ayn Rand: A Sense of Life (1997),3.142857142857143,7,Evita (1996),Alien: Resurrection (1997),Scream 2 (1997),Crash (1996)
B*A*P*S (1997),1.6666666666666667,3,Eraser (1996),"Boot, Das (1981)",Multiplicity (1996),Star Trek: First Contact (1996)
B. Monkey (1998),3.0,1,-,-,-,-
Babe (1995),3.9954337899543377,219,"Peacemaker, The (1997)",Batman Returns (1992),"Lost World: Jurassic Park, The (1997)",Cinderella (1950)
"Baby-Sitters Club, The (1995)",2.5,10,"Ice Storm, The (1997)",Secrets & Lies (1996),Tomorrow Never Dies (1997),"Room with a View, A (1986)"
Babyfever (1994),1.0,2,-,-,-,-
"Babysitter, The (1995)",2.3333333333333335,3,"Mask, The (1994)",Eraser (1996),"Craft, The (1996)",Twister (1996)
Back to the Future (1985),3.834285714285714,350,Speed (1994),Pretty Woman (1990),Michael (1996),"Frighteners, The (1996)"
Backbeat (1993),3.473684210526316,19,Down Periscope (1996),Benny & Joon (1993),Arsenic and Old Lace (1944),Dante's Peak (1997)
Bad Boys (1995),3.1052631578947367,57,Fly Away Home (1996),Jungle2Jungle (1997),Everyone Says I Love You (1996),"Peacemaker, The (1997)"
Bad Company (1995),2.2222222222222223,9,M*A*S*H (1970),"Sex, Lies, and Videotape (1989)","Manchurian Candidate, The (1962)",Reservoir Dogs (1992)
Bad Girls (1994),1.8333333333333333,6,Ulee's Gold (1997),Big Night (1996),"Remains of the Day, The (1993)",Some Like It Hot (1959)
Bad Moon (1996),2.6666666666666665,6,Highlander (1986),One Flew Over the Cuckoo's Nest (1975),Patton (1970),M*A*S*H (1970)
Bad Taste (1987),3.375,16,My Fair Lady (1964),"Remains of the Day, The (1993)","Room with a View, A (1986)","Killing Fields, The (1984)"
"Ballad of Narayama, The (Narayama Bushiko) (1958)",2.75,4,"Close Shave, A (1995)",Ulee's Gold (1997),Sense and Sensibility (1995),Secrets & Lies (1996)
Balto (1995),3.0,16,Cinema Paradiso (1988),"Sex, Lies, and Videotape (1989)",Mighty Aphrodite (1995),Con Air (1997)
Bananas (1971),3.7017543859649122,57,"Craft, The (1996)",Wag the Dog (1997),"Lost World: Jurassic Park, The (1997)",One Fine Day (1996)
"Band Wagon, The (1953)",3.6666666666666665,9,Maverick (1994),"Remains of the Day, The (1993)",Conspiracy Theory (1997),Pinocchio (1940)
Barb Wire (1996),1.9333333333333333,30,"Ice Storm, The (1997)",Amistad (1997),G.I. Jane (1997),Michael (1996)
Barbarella (1968),2.5714285714285716,28,"Close Shave, A (1995)","Rainmaker, The (1997)",Big Night (1996),Fly Away Home (1996)
Barcelona (1994),3.018867924528302,53,Outbreak (1995),Tombstone (1993),One Fine Day (1996),True Romance (1993)
Basic Instinct (1992),3.227722772277228,101,"Ice Storm, The (1997)","Boot, Das (1981)",Spawn (1997),Under Siege (1992)
"Basketball Diaries, The (1995)",3.425,40,"Peacemaker, The (1997)",G.I. Jane (1997),My Fair Lady (1964),Murder at 1600 (1997)
Basquiat (1996),3.25,44,Mother (1996),Beautiful Girls (1996),"Peacemaker, The (1997)",Lost Highway (1997)
Bastard Out of Carolina (1996),2.875,16,One Fine Day (1996),Maverick (1994),"Ghost and the Darkness, The (1996)",Absolute Power (1997)
Batman & Robin (1997),2.4516129032258065,62,Batman Forever (1995),"Philadelphia Story, The (1940)",Good Will Hunting (1997),GoldenEye (1995)
Batman (1989),3.427860696517413,201,Alien: Resurrection (1997),Scream 2 (1997),Good Will Hunting (1997),Cold Comfort Farm (1995)
Batman Forever (1995),2.6666666666666665,114,Down Periscope (1996),Jungle2Jungle (1997),As Good As It Gets (1997),"Net, The (1995)"
Batman Returns (1992),2.683098591549296,142,Michael (1996),Fly Away Home (1996),"Peacemaker, The (1997)",Batman (1989)
Baton Rouge (1988),1.0,1,-,-,-,-
Bean (1997),2.659340659340659,91,On Golden Pond (1981),Strictly Ballroom (1992),"Killing Fields, The (1984)","Craft, The (1996)"
"Beans of Egypt, Maine, The (1994)",3.5,2,Quiz Show (1994),Alien: Resurrection (1997),It's a Wonderful Life (1946),Lawrence of Arabia (1962)
Beat the Devil (1954),3.7142857142857144,7,Braveheart (1995),Sneakers (1992),Primal Fear (1996),Interview with the Vampire (1994)
"Beautician and the Beast, The (1997)",2.313953488372093,86,Under Siege (1992),"Mask, The (1994)",In the Name of the Father (1993),GoldenEye (1995)
Beautiful Girls (1996),3.391304347826087,115,Lawrence of Arabia (1962),Full Metal Jacket (1987),"Maltese Falcon, The (1941)",Die Hard: With a Vengeance (1995)
Beautiful Thing (1996),3.9655172413793105,29,Basic Instinct (1992),"Magnificent Seven, The (1954)",Dragonheart (1996),Rosewood (1997)
Beauty and the Beast (1991),3.792079207920792,202,Amistad (1997),Kiss the Girls (1997),"Hunchback of Notre Dame, The (1996)","Lion King, The (1994)"
Beavis and Butt-head Do America (1996),2.7884615384615383,156,"Ice Storm, The (1997)",James and the Giant Peach (1996),"Devil's Advocate, The (1997)",GoodFellas (1990)
Bed of Roses (1996),3.2333333333333334,60,Some Like It Hot (1959),Jungle2Jungle (1997),"Ice Storm, The (1997)",Gone with the Wind (1939)
Bedknobs and Broomsticks (1971),3.0701754385964914,57,Con Air (1997),Good Will Hunting (1997),Tombstone (1993),Jackie Brown (1997)
Before Sunrise (1995),3.4081632653061225,49,"Frighteners, The (1996)",Donnie Brasco (1997),Mr. Smith Goes to Washington (1939),12 Angry Men (1957)
Before and After (1996),2.8461538461538463,26,"Edge, The (1997)",Harold and Maude (1971),Star Trek: The Motion Picture (1979),Jackie Brown (1997)
Before the Rain (Pred dozhdot) (1994),3.8,10,Starship Troopers (1997),Bound (1996),Beauty and the Beast (1991),Bram Stoker's Dracula (1992)
Being Human (1993),1.75,4,GoldenEye (1995),Die Hard: With a Vengeance (1995),Crimson Tide (1995),Tombstone (1993)
Being There (1979),3.9051724137931036,116,Ulee's Gold (1997),Pinocchio (1940),Dumbo (1941),Welcome to the Dollhouse (1995)
"Believers, The (1987)",2.25,16,What's Eating Gilbert Grape (1993),"Ghost and the Darkness, The (1996)","Devil's Advocate, The (1997)",Emma (1996)
Belle de jour (1967),3.945945945945946,37,Benny & Joon (1993),Ulee's Gold (1997),"Magnificent Seven, The (1954)",Stargate (1994)
Ben-Hur (1959),3.8306451612903225,124,Cop Land (1997),"Wrong Trousers, The (1993)","Manchurian Candidate, The (1962)","Great Escape, The (1963)"
Benny & Joon (1993),3.4607843137254903,102,Fly Away Home (1996),"Rainmaker, The (1997)","Last of the Mohicans, The (1992)",Good Will Hunting (1997)
Bent (1997),2.6666666666666665,6,Boogie Nights (1997),"Devil's Own, The (1997)",Evita (1996),Shine (1996)
Best Men (1997),3.4,5,Tombstone (1993),James and the Giant Peach (1996),"Full Monty, The (1997)","Nightmare Before Christmas, The (1993)"
Best of the Best 3: No Turning Back (1995),1.5,6,Happy Gilmore (1996),Swingers (1996),Spawn (1997),Heat (1995)
Better Off Dead... (1985),3.569620253164557,79,"Ice Storm, The (1997)","Rainmaker, The (1997)","Edge, The (1997)",G.I. Jane (1997)
"Beverly Hillbillies, The (1993)",2.25,20,Wag the Dog (1997),"Deer Hunter, The (1978)",Alien: Resurrection (1997),Chasing Amy (1997)
Beverly Hills Cop III (1994),2.392857142857143,28,Mother (1996),Jungle2Jungle (1997),"Net, The (1995)",Gone with the Wind (1939)
Beverly Hills Ninja (1997),2.3125,48,Young Guns (1988),Kolya (1996),G.I. Jane (1997),Seven Years in Tibet (1997)
"Bewegte Mann, Der (1994)",3.6666666666666665,3,In & Out (1997),Aladdin (1992),Indiana Jones and the Last Crusade (1989),"Sound of Music, The (1965)"
Beyond Bedlam (1993),1.0,2,-,-,-,-
Beyond Rangoon (1995),3.0555555555555554,18,"Hunchback of Notre Dame, The (1996)",Jackie Brown (1997),Waterworld (1995),Ulee's Gold (1997)
Bhaji on the Beach (1993),2.875,8,It's a Wonderful Life (1946),Jackie Chan's First Strike (1996),Top Gun (1986),"Killing Fields, The (1984)"
"Big Bang Theory, The (1994)",4.0,1,-,-,-,-
"Big Blue, The (Grand bleu, Le) (1988)",3.235294117647059,17,What's Eating Gilbert Grape (1993),Kiss the Girls (1997),"Game, The (1997)",Grosse Pointe Blank (1997)
Big Bully (1996),1.8571428571428572,14,Cape Fear (1991),Stargate (1994),"Game, The (1997)",GoodFellas (1990)
"Big Green, The (1995)",2.5,14,Executive Decision (1996),Apt Pupil (1998),Bonnie and Clyde (1967),Chinatown (1974)
"Big Lebowski, The (1998)",3.8333333333333335,42,Tin Cup (1996),True Romance (1993),"Abyss, The (1989)",Clerks (1994)
Big Night (1996),3.9005847953216373,171,Conan the Barbarian (1981),Lost Highway (1997),"Ice Storm, The (1997)",Wag the Dog (1997)
"Big One, The (1997)",3.0,1,-,-,-,-
"Big Sleep, The (1946)",4.027397260273973,73,Seven Years in Tibet (1997),"Wrong Trousers, The (1993)",Tin Cup (1996),Amistad (1997)
"Big Squeeze, The (1996)",2.25,4,Swingers (1996),Phenomenon (1996),Michael (1996),Rumble in the Bronx (1995)
Billy Madison (1995),3.081081081081081,37,Secrets & Lies (1996),"Killing Fields, The (1984)",Alien: Resurrection (1997),Bonnie and Clyde (1967)
Bio-Dome (1996),1.903225806451613,31,"Great Escape, The (1963)",Alien: Resurrection (1997),"Edge, The (1997)","Ice Storm, The (1997)"
Bird of Prey (1996),1.0,1,-,-,-,-
"Birdcage, The (1996)",3.4436860068259385,293,Philadelphia (1993),"Sex, Lies, and Videotape (1989)",My Fair Lady (1964),Army of Darkness (1993)
"Birds, The (1963)",3.808641975308642,162,G.I. Jane (1997),Swingers (1996),"Cable Guy, The (1996)",Mimic (1997)
Bitter Moon (1992),3.3,10,"Great Escape, The (1963)",Under Siege (1992),Benny & Joon (1993),Star Trek: The Motion Picture (1979)
Bitter Sugar (Azucar Amargo) (1996),4.333333333333333,3,Toy Story (1995),"Birdcage, The (1996)",Strictly Ballroom (1992),Fried Green Tomatoes (1991)
Black Beauty (1994),3.4444444444444446,27,"Rainmaker, The (1997)",Cold Comfort Farm (1995),Rosewood (1997),Boogie Nights (1997)
Black Sheep (1996),2.6363636363636362,55,Cool Hand Luke (1967),Air Force One (1997),Gattaca (1997),Being There (1979)
Blade Runner (1982),4.138181818181818,275,-,-,-,-
Blink (1994),3.0,19,-,-,-,-
Bliss (1997),2.5714285714285716,7,-,-,-,-
"Blob, The (1958)",2.717391304347826,46,-,-,-,-
Blood & Wine (1997),2.8636363636363638,22,-,-,-,-
Blood Beach (1981),2.1666666666666665,6,-,-,-,-
Blood For Dracula (Andy Warhol's Dracula) (1974),2.4,5,-,-,-,-
Bloodsport 2 (1995),1.7,10,-,-,-,-
"Bloody Child, The (1996)",1.0,1,-,-,-,-
Blown Away (1994),2.7586206896551726,29,-,-,-,-
"Blue Angel, The (Blaue Engel, Der) (1930)",3.7777777777777777,18,-,-,-,-
Blue Chips (1994),2.6666666666666665,9,-,-,-,-
Blue Sky (1994),3.4166666666666665,12,-,-,-,-
Blue in the Face (1995),3.1777777777777776,45,-,-,-,-
Blues Brothers 2000 (1998),2.8214285714285716,28,-,-,-,-
"Blues Brothers, The (1980)",3.8366533864541834,251,-,-,-,-
Bob Roberts (1992),3.7411764705882353,85,-,-,-,-
Body Parts (1991),1.6153846153846154,13,-,-,-,-
"Body Snatcher, The (1945)",3.5,22,-,-,-,-
Body Snatchers (1993),2.971014492753623,69,-,-,-,-
Bogus (1996),2.5454545454545454,22,-,-,-,-
"Bonheur, Le (1965)",2.0,4,-,-,-,-
Bonnie and Clyde (1967),3.819672131147541,122,-,-,-,-
Boogie Nights (1997),3.5873015873015874,189,-,-,-,-
Boomerang (1992),2.8125,32,-,-,-,-
"Boot, Das (1981)",4.203980099502488,201,-,-,-,-
Booty Call (1997),2.1666666666666665,48,-,-,-,-
Bottle Rocket (1996),3.4545454545454546,44,-,-,-,-
Bound (1996),3.8217054263565893,129,-,-,-,-
Boxing Helena (1993),2.2,15,-,-,-,-
Boy's Life 2 (1997),3.3333333333333335,6,-,-,-,-
Boys (1996),3.3333333333333335,6,-,-,-,-
Boys Life (1995),3.2,5,-,-,-,-
Boys in Venice (1996),1.0,2,-,-,-,-
"Boys of St. Vincent, The (1993)",3.3846153846153846,13,-,-,-,-
Boys on the Side (1995),3.1470588235294117,34,-,-,-,-
"Boys, Les (1997)",3.3333333333333335,3,-,-,-,-
"Brady Bunch Movie, The (1995)",2.8026315789473686,76,-,-,-,-
Braindead (1992),3.857142857142857,14,-,-,-,-
Bram Stoker's Dracula (1992),3.158333333333333,120,-,-,-,-
Brassed Off (1996),3.9375,32,-,-,-,-
Braveheart (1995),4.151515151515151,297,-,-,-,-
Brazil (1985),3.8173076923076925,208,-,-,-,-
Bread and Chocolate (Pane e cioccolata) (1973),3.1666666666666665,12,-,-,-,-
Breakdown (1997),3.4025974025974026,77,-,-,-,-
Breakfast at Tiffany's (1961),3.7263157894736842,95,-,-,-,-
Breaking the Waves (1996),3.72972972972973,74,-,-,-,-
Bride of Frankenstein (1935),3.608695652173913,46,-,-,-,-
"Bridge on the River Kwai, The (1957)",4.175757575757576,165,-,-,-,-
"Bridges of Madison County, The (1995)",3.1641791044776117,67,-,-,-,-
Bringing Up Baby (1938),3.838235294117647,68,-,-,-,-
Broken Arrow (1996),3.031496062992126,254,-,-,-,-
Broken English (1996),2.25,8,-,-,-,-
"Bronx Tale, A (1993)",3.7916666666666665,48,-,-,-,-
Brother Minister: The Assassination of Malcolm X (1994),3.0,5,-,-,-,-
"Brother's Kiss, A (1997)",2.0,1,-,-,-,-
"Brothers McMullen, The (1995)",3.452054794520548,73,-,-,-,-
Brothers in Trouble (1995),4.0,1,-,-,-,-
"Browning Version, The (1994)",3.0,10,-,-,-,-
Buddy (1997),2.25,4,-,-,-,-
Bulletproof (1996),3.204081632653061,49,-,-,-,-
Bullets Over Broadway (1994),3.7209302325581395,86,-,-,-,-
Burnt By the Sun (1994),3.7083333333333335,24,-,-,-,-
Burnt Offerings (1976),2.4444444444444446,9,-,-,-,-
Bushwhacked (1995),1.5714285714285714,7,-,-,-,-
Butch Cassidy and the Sundance Kid (1969),3.949074074074074,216,-,-,-,-
"Butcher Boy, The (1998)",4.0,2,-,-,-,-
Butterfly Kiss (1995),1.0,1,-,-,-,-
"Bye Bye, Love (1995)",3.1333333333333333,15,-,-,-,-
C'est arrivé près de chez vous (1992),3.0,4,-,-,-,-
Cabin Boy (1994),2.5625,16,-,-,-,-
"Cable Guy, The (1996)",2.339622641509434,106,-,-,-,-
Calendar Girl (1993),2.0,3,-,-,-,-
Canadian Bacon (1994),2.413793103448276,29,-,-,-,-
"Candidate, The (1972)",3.641025641025641,39,-,-,-,-
Candyman (1992),2.723076923076923,65,-,-,-,-
Candyman: Farewell to the Flesh (1995),2.4285714285714284,21,-,-,-,-
Cape Fear (1962),3.5232558139534884,86,-,-,-,-
Cape Fear (1991),3.456140350877193,171,-,-,-,-
Captives (1994),2.3333333333333335,3,-,-,-,-
Career Girls (1997),3.2564102564102564,39,-,-,-,-
Careful (1992),1.0,1,-,-,-,-
Carlito's Way (1993),3.4074074074074074,54,-,-,-,-
Carmen Miranda: Bananas Is My Business (1994),1.5,2,-,-,-,-
Caro Diario (Dear Diary) (1994),2.75,4,-,-,-,-
Carpool (1996),2.8,5,-,-,-,-
Carrie (1976),3.5041322314049586,121,-,-,-,-
Carried Away (1996),3.0,11,-,-,-,-
Carrington (1995),3.230769230769231,13,-,-,-,-
Casablanca (1942),4.45679012345679,243,-,-,-,-
Casino (1995),3.6483516483516483,91,-,-,-,-
Casper (1995),3.076923076923077,52,-,-,-,-
Castle Freak (1995),1.25,4,-,-,-,-
Cat People (1982),2.8958333333333335,48,-,-,-,-
Cat on a Hot Tin Roof (1958),3.9516129032258065,62,-,-,-,-
Cats Don't Dance (1997),2.84375,32,-,-,-,-
Catwalk (1995),1.3333333333333333,3,-,-,-,-
Caught (1996),3.25,8,-,-,-,-
Celestial Clockwork (1994),4.0,2,-,-,-,-
"Celluloid Closet, The (1995)",3.892857142857143,56,-,-,-,-
Celtic Pride (1996),2.2,15,-,-,-,-
"Cement Garden, The (1993)",3.6,10,-,-,-,-
Cemetery Man (Dellamorte Dellamore) (1994),2.869565217391304,23,-,-,-,-
Century (1993),3.0,1,-,-,-,-
Chain Reaction (1996),2.7,80,-,-,-,-
Chairman of the Board (1998),2.2222222222222223,9,-,-,-,-
"Chamber, The (1996)",3.0930232558139537,43,-,-,-,-
Charade (1963),3.925,40,-,-,-,-
Chasers (1994),2.2,5,-,-,-,-
Chasing Amy (1997),3.8390501319261214,379,-,-,-,-
Children of the Corn: The Gathering (1996),1.3157894736842106,19,-,-,-,-
Children of the Revolution (1996),3.2,5,-,-,-,-
Chinatown (1974),4.136054421768708,147,-,-,-,-
"Christmas Carol, A (1938)",4.057971014492754,69,-,-,-,-
Chungking Express (1994),3.5714285714285716,28,-,-,-,-
"Ciao, Professore! (1993)",2.75,4,-,-,-,-
Cinderella (1950),3.5813953488372094,129,-,-,-,-
Cinema Paradiso (1988),4.1735537190082646,121,-,-,-,-
Circle of Friends (1995),3.486842105263158,76,-,-,-,-
Citizen Kane (1941),4.292929292929293,198,-,-,-,-
Citizen Ruth (1996),3.6222222222222222,45,-,-,-,-
City Hall (1996),3.1392405063291138,79,-,-,-,-
City Slickers II: The Legend of Curly's Gold (1994),2.5454545454545454,44,-,-,-,-
City of Angels (1998),3.0,8,-,-,-,-
City of Industry (1997),2.5,6,-,-,-,-
"City of Lost Children, The (1995)",3.7916666666666665,96,-,-,-,-
Clean Slate (1994),2.8,10,-,-,-,-
Clean Slate (Coup de Torchon) (1981),2.75,4,-,-,-,-
Clear and Present Danger (1994),3.569832402234637,179,-,-,-,-
Clerks (1994),3.804054054054054,148,-,-,-,-
"Client, The (1994)",3.381443298969072,97,-,-,-,-
Cliffhanger (1993),3.021505376344086,93,-,-,-,-
Clockers (1995),3.0,33,-,-,-,-
"Clockwork Orange, A (1971)",3.909502262443439,221,-,-,-,-
"Close Shave, A (1995)",4.491071428571429,112,-,-,-,-
Clueless (1995),3.458823529411765,170,-,-,-,-
Cobb (1994),2.8,15,-,-,-,-
Cold Comfort Farm (1995),3.824,125,-,-,-,-
Coldblooded (1995),2.0,1,-,-,-,-
"Collectionneuse, La (1967)",2.0,2,-,-,-,-
"Colonel Chabert, Le (1994)",3.5,4,-,-,-,-
Color of Night (1994),2.7333333333333334,15,-,-,-,-
Commandments (1997),2.6666666666666665,3,-,-,-,-
Con Air (1997),3.45985401459854,137,-,-,-,-
Conan the Barbarian (1981),3.046728971962617,107,-,-,-,-
Condition Red (1995),2.0,2,-,-,-,-
Coneheads (1993),2.2195121951219514,41,-,-,-,-
Congo (1995),2.4523809523809526,42,-,-,-,-
Conspiracy Theory (1997),3.4237288135593222,295,-,-,-,-
Contact (1997),3.8035363457760316,509,-,-,-,-
"Contempt (Mépris, Le) (1963)",3.0,9,-,-,-,-
"Convent, The (Convento, O) (1995)",2.5,2,-,-,-,-
"Cook the Thief His Wife & Her Lover, The (1989)",3.024390243902439,82,-,-,-,-
Cool Hand Luke (1967),3.9939024390243905,164,-,-,-,-
Cool Runnings (1993),3.161764705882353,68,-,-,-,-
Cop Land (1997),3.3771428571428572,175,-,-,-,-
Cops and Robbersons (1994),2.3076923076923075,13,-,-,-,-
Copycat (1995),3.302325581395349,86,-,-,-,-
"Corrina, Corrina (1994)",3.1538461538461537,39,-,-,-,-
Cosi (1996),4.0,4,-,-,-,-
Country Life (1994),1.5,2,-,-,-,-
Courage Under Fire (1996),3.6108597285067874,221,-,-,-,-
"Cowboy Way, The (1994)",2.210526315789474,19,-,-,-,-
"Craft, The (1996)",3.1153846153846154,104,-,-,-,-
Crash (1996),2.546875,128,-,-,-,-
Crimson Tide (1995),3.6298701298701297,154,-,-,-,-
Critical Care (1997),3.090909090909091,11,-,-,-,-
Cronos (1992),3.2,10,-,-,-,-
Crooklyn (1994),3.5,10,-,-,-,-
Crossfire (1947),4.25,4,-,-,-,-
"Crossing Guard, The (1995)",3.0,28,-,-,-,-
"Crow, The (1994)",3.417910447761194,134,-,-,-,-
"Crow: City of Angels, The (1996)",1.9487179487179487,39,-,-,-,-
Crows and Sparrows (1949),1.5,2,-,-,-,-
"Crucible, The (1996)",3.3376623376623376,77,-,-,-,-
"Crude Oasis, The (1995)",1.0,1,-,-,-,-
Crumb (1994),3.7901234567901234,81,-,-,-,-
"Cry, the Beloved Country (1995)",3.75,24,-,-,-,-
"Crying Game, The (1992)",3.6218487394957983,119,-,-,-,-
Curdled (1996),2.75,8,-,-,-,-
"Cure, The (1995)",3.3333333333333335,6,-,-,-,-
Cutthroat Island (1995),2.4444444444444446,18,-,-,-,-
Cyclo (1995),3.0,1,-,-,-,-
Cyrano de Bergerac (1990),3.8181818181818183,66,-,-,-,-
"Cérémonie, La (1995)",4.0,3,-,-,-,-
D3: The Mighty Ducks (1996),2.5789473684210527,19,-,-,-,-
Dadetown (1995),3.0,1,-,-,-,-
Daens (1992),1.0,1,-,-,-,-
"Damsel in Distress, A (1937)",4.0,1,-,-,-,-
Dances with Wolves (1990),3.79296875,256,-,-,-,-
Dangerous Beauty (1998),3.769230769230769,13,-,-,-,-
Dangerous Ground (1997),1.75,8,-,-,-,-
Dangerous Minds (1995),3.3404255319148937,47,-,-,-,-
Daniel Defoe's Robinson Crusoe (1996),3.0,2,-,-,-,-
Dante's Peak (1997),2.933333333333333,240,-,-,-,-
Dark City (1998),3.5,16,-,-,-,-
Dave (1993),3.65,180,-,-,-,-
"Davy Crockett, King of the Wild Frontier (1955)",2.909090909090909,11,-,-,-,-
"Day the Earth Stood Still, The (1951)",3.9381443298969074,97,-,-,-,-
"Day the Sun Turned Cold, The (Tianguo niezi) (1994)",2.0,2,-,-,-,-
Daylight (1996),2.7719298245614037,57,-,-,-,-
Days of Thunder (1990),2.7169811320754715,53,-,-,-,-
"Daytrippers, The (1996)",3.6666666666666665,15,-,-,-,-
Dazed and Confused (1993),3.46875,64,-,-,-,-
Dead Man (1995),3.823529411764706,34,-,-,-,-
Dead Man Walking (1995),3.8963210702341136,299,-,-,-,-
Dead Poets Society (1989),3.9163346613545817,251,-,-,-,-
Dead Presidents (1995),2.7222222222222223,18,-,-,-,-
Dear God (1996),2.5,12,-,-,-,-
Death and the Maiden (1994),3.4285714285714284,28,-,-,-,-
Death in Brunswick (1991),4.0,1,-,-,-,-
"Death in the Garden (Mort en ce jardin, La) (1956)",1.0,1,-,-,-,-
Deceiver (1997),2.8275862068965516,29,-,-,-,-
Deconstructing Harry (1997),3.4,65,-,-,-,-
Deep Rising (1998),2.4285714285714284,14,-,-,-,-
"Deer Hunter, The (1978)",3.8333333333333335,120,-,-,-,-
Delicatessen (1991),3.876923076923077,65,-,-,-,-
Delta of Venus (1994),3.0,2,-,-,-,-
Demolition Man (1993),3.152173913043478,92,-,-,-,-
Denise Calls Up (1995),3.0,7,-,-,-,-
Desert Winds (1995),4.0,1,-,-,-,-
"Designated Mourner, The (1997)",1.8571428571428572,7,-,-,-,-
Desperado (1995),3.4536082474226806,97,-,-,-,-
Desperate Measures (1998),3.3194444444444446,72,-,-,-,-
Destiny Turns on the Radio (1995),3.0,2,-,-,-,-
Devil in a Blue Dress (1995),3.3859649122807016,57,-,-,-,-
"Devil's Advocate, The (1997)",3.515957446808511,188,-,-,-,-
"Devil's Own, The (1997)",3.1083333333333334,240,-,-,-,-
Diabolique (1996),2.887323943661972,71,-,-,-,-
Dial M for Murder (1954),4.0,68,-,-,-,-
Die Hard (1988),3.8724279835390947,243,-,-,-,-
Die Hard 2 (1990),3.355421686746988,166,-,-,-,-
Die Hard: With a Vengeance (1995),3.2847682119205297,151,-,-,-,-
"Die xue shuang xiong (Killer, The) (1989)",3.967741935483871,31,-,-,-,-
Dingo (1992),2.4,5,-,-,-,-
Dirty Dancing (1987),3.1020408163265305,98,-,-,-,-
Disclosure (1994),3.0,40,-,-,-,-
Diva (1981),3.727272727272727,66,-,-,-,-
Dolores Claiborne (1994),3.3417721518987342,79,-,-,-,-
Don Juan DeMarco (1995),3.5526315789473686,76,-,-,-,-
Don't Be a Menace to South Central While Drinking Your Juice in the Hood (1996),2.7714285714285714,35,-,-,-,-
Donnie Brasco (1997),3.802721088435374,147,-,-,-,-
"Doom Generation, The (1995)",2.7142857142857144,7,-,-,-,-
"Doors, The (1991)",2.9782608695652173,46,-,-,-,-
Double Happiness (1994),3.4285714285714284,7,-,-,-,-
Double Team (1997),2.230769230769231,13,-,-,-,-
"Double vie de Véronique, La (Double Life of Veronique, The) (1991)",3.6818181818181817,22,-,-,-,-
Down Periscope (1996),2.702970297029703,101,-,-,-,-
Down by Law (1986),3.7714285714285714,35,-,-,-,-
Dr. Strangelove or: How I Learned to Stop Worrying and Love the Bomb (1963),4.252577319587629,194,-,-,-,-
Dracula: Dead and Loving It (1995),2.28,25,-,-,-,-
Dragonheart (1996),3.0822784810126582,158,-,-,-,-
Dream Man (1995),1.5,2,-,-,-,-
Dream With the Fishes (1997),3.142857142857143,7,-,-,-,-
Drop Dead Fred (1991),2.75,24,-,-,-,-
Drop Zone (1994),2.5483870967741935,31,-,-,-,-
Drunks (1995),2.8,5,-,-,-,-
Duck Soup (1933),4.0,93,-,-,-,-
Dumb & Dumber (1994),3.0,69,-,-,-,-
Dumbo (1941),3.4959349593495936,123,-,-,-,-
Dunston Checks In (1996),1.8571428571428572,7,-,-,-,-
Duoluo tianshi (1995),3.1666666666666665,6,-,-,-,-
E.T. the Extra-Terrestrial (1982),3.8333333333333335,300,-,-,-,-
East of Eden (1955),3.864406779661017,59,-,-,-,-
Eat Drink Man Woman (1994),4.05,80,-,-,-,-
Ed (1996),1.3333333333333333,6,-,-,-,-
Ed Wood (1994),3.601503759398496,133,-,-,-,-
Ed's Next Move (1996),2.6666666666666665,3,-,-,-,-
Eddie (1996),2.7,40,-,-,-,-
"Edge, The (1997)",3.5398230088495577,113,-,-,-,-
"Eighth Day, The (1996)",3.0,1,-,-,-,-
Emma (1996),3.7175141242937855,177,-,-,-,-
"Empire Strikes Back, The (1980)",4.206521739130435,368,-,-,-,-
Enchanted April (1991),3.9285714285714284,70,-,-,-,-
"Endless Summer 2, The (1994)",2.5,10,-,-,-,-
"Enfer, L' (1994)",3.0,4,-,-,-,-
"English Patient, The (1996)",3.656964656964657,481,-,-,-,-
"Englishman Who Went Up a Hill, But Came Down a Mountain, The (1995)",3.375,32,-,-,-,-
Entertaining Angels: The Dorothy Day Story (1996),5.0,1,-,-,-,-
Eraser (1996),3.150485436893204,206,-,-,-,-
Escape from L.A. (1996),2.4615384615384617,91,-,-,-,-
Escape from New York (1981),3.241758241758242,91,-,-,-,-
Escape to Witch Mountain (1975),2.966666666666667,30,-,-,-,-
Etz Hadomim Tafus (Under the Domin Tree) (1994),2.0,1,-,-,-,-
Eve's Bayou (1997),3.609375,64,-,-,-,-
Even Cowgirls Get the Blues (1993),2.0,5,-,-,-,-
"Evening Star, The (1996)",2.9310344827586206,29,-,-,-,-
Event Horizon (1997),2.574803149606299,127,-,-,-,-
Everest (1998),4.5,2,-,-,-,-
Every Other Weekend (1990),1.0,1,-,-,-,-
Everyone Says I Love You (1996),3.2738095238095237,168,-,-,-,-
Evil Dead II (1987),3.5168539325842696,89,-,-,-,-
Evita (1996),2.9806949806949805,259,-,-,-,-
Excess Baggage (1997),2.5384615384615383,52,-,-,-,-
Executive Decision (1996),3.356687898089172,157,-,-,-,-
Exit to Eden (1994),2.75,16,-,-,-,-
Exotica (1994),3.5555555555555554,27,-,-,-,-
Extreme Measures (1996),3.171875,64,-,-,-,-
Eye for an Eye (1996),3.03125,32,-,-,-,-
"Eye of Vichy, The (Oeil de Vichy, L') (1993)",1.0,1,-,-,-,-
Face/Off (1997),3.768041237113402,194,-,-,-,-
Faces (1968),3.0,4,-,-,-,-
Fair Game (1995),2.1818181818181817,11,-,-,-,-
FairyTale: A True Story (1997),2.966666666666667,30,-,-,-,-
Faithful (1996),3.3,10,-,-,-,-
Fall (1997),2.0,3,-,-,-,-
Fallen (1998),3.1463414634146343,41,-,-,-,-
Falling in Love Again (1980),1.0,2,-,-,-,-
"Family Thing, A (1996)",3.5555555555555554,45,-,-,-,-
"Fan, The (1996)",3.09375,64,-,-,-,-
Fantasia (1940),3.7701149425287355,174,-,-,-,-
Far From Home: The Adventures of Yellow Dog (1995),3.2857142857142856,7,-,-,-,-
Farewell My Concubine (1993),3.9782608695652173,46,-,-,-,-
"Farewell to Arms, A (1932)",3.8333333333333335,12,-,-,-,-
Fargo (1996),4.155511811023622,508,-,-,-,-
Farinelli: il castrato (1994),3.1176470588235294,17,-,-,-,-
Farmer & Chase (1995),4.0,1,-,-,-,-
"Fast, Cheap & Out of Control (1997)",3.4375,32,-,-,-,-
Faster Pussycat! Kill! Kill! (1965),3.0,7,-,-,-,-
Fatal Instinct (1993),2.6315789473684212,19,-,-,-,-
Father of the Bride (1950),3.5833333333333335,60,-,-,-,-
Father of the Bride Part II (1995),2.8984375,128,-,-,-,-
Fathers' Day (1997),2.5806451612903225,31,-,-,-,-
Faust (1994),4.2,5,-,-,-,-
Fausto (1993),3.0,3,-,-,-,-
"Favor, The (1994)",2.0,1,-,-,-,-
Fear (1996),3.159090909090909,44,-,-,-,-
Fear of a Black Hat (1993),3.2,10,-,-,-,-
"Fear, The (1995)",3.0,1,-,-,-,-
Fearless (1993),3.24,25,-,-,-,-
Feast of July (1995),2.4,5,-,-,-,-
Feeling Minnesota (1996),2.625,32,-,-,-,-
Female Perversions (1996),2.625,8,-,-,-,-
Field of Dreams (1989),3.69811320754717,212,-,-,-,-
Fierce Creatures (1997),3.1145833333333335,96,-,-,-,-
"Fifth Element, The (1997)",3.4771573604060912,197,-,-,-,-
"Fille seule, La (A Single Girl) (1995)",4.0,4,-,-,-,-
Fire Down Below (1997),2.9318181818181817,44,-,-,-,-
Fire on the Mountain (1996),3.0,1,-,-,-,-
Firestorm (1998),2.8333333333333335,18,-,-,-,-
"Firm, The (1993)",3.2781456953642385,151,-,-,-,-
First Kid (1996),2.925,40,-,-,-,-
First Knight (1995),3.0232558139534884,86,-,-,-,-
"First Wives Club, The (1996)",3.01875,160,-,-,-,-
"Fish Called Wanda, A (1988)",3.785425101214575,247,-,-,-,-
Fled (1996),2.6470588235294117,34,-,-,-,-
Flesh and Bone (1993),2.8333333333333335,6,-,-,-,-
"Flintstones, The (1994)",2.064516129032258,31,-,-,-,-
Flipper (1996),2.45,20,-,-,-,-
Flirt (1995),3.6,5,-,-,-,-
Flirting With Disaster (1996),3.6904761904761907,42,-,-,-,-
"Flower of My Secret, The (Flor de mi secreto, La) (1995)",3.1666666666666665,6,-,-,-,-
Flubber (1997),2.7547169811320753,53,-,-,-,-
Fluke (1995),2.4285714285714284,14,-,-,-,-
Fly Away Home (1996),3.6,180,-,-,-,-
"Fog, The (1980)",2.739130434782609,23,-,-,-,-
Fools Rush In (1997),3.0,24,-,-,-,-
For Ever Mozart (1996),2.0,3,-,-,-,-
For Love or Money (1993),2.8333333333333335,12,-,-,-,-
For Richer or Poorer (1997),2.4285714285714284,14,-,-,-,-
For Whom the Bell Tolls (1943),4.0,20,-,-,-,-
For the Moment (1994),2.6666666666666665,3,-,-,-,-
"Forbidden Christ, The (Cristo proibito, Il) (1950)",2.75,4,-,-,-,-
Forbidden Planet (1956),3.8358208955223883,67,-,-,-,-
Foreign Correspondent (1940),3.8666666666666667,15,-,-,-,-
Foreign Student (1994),2.0,2,-,-,-,-
Forget Paris (1995),3.193548387096774,62,-,-,-,-
Forrest Gump (1994),3.853582554517134,321,-,-,-,-
Four Days in September (1997),3.75,12,-,-,-,-
Four Rooms (1995),3.033333333333333,90,-,-,-,-
Four Weddings and a Funeral (1994),3.6613545816733066,251,-,-,-,-
"Fox and the Hound, The (1981)",3.1475409836065573,61,-,-,-,-
Foxfire (1996),2.933333333333333,15,-,-,-,-
Frankie Starlight (1995),2.5,4,-,-,-,-
Free Willy (1993),2.4545454545454546,33,-,-,-,-
Free Willy 2: The Adventure Home (1995),2.1818181818181817,11,-,-,-,-
Free Willy 3: The Rescue (1997),1.7407407407407407,27,-,-,-,-
Freeway (1996),3.357142857142857,42,-,-,-,-
French Kiss (1995),3.3333333333333335,84,-,-,-,-
French Twist (Gazon maudit) (1995),3.2051282051282053,39,-,-,-,-
Fresh (1994),4.1,10,-,-,-,-
Friday (1995),3.4615384615384617,26,-,-,-,-
Fried Green Tomatoes (1991),3.764705882352941,153,-,-,-,-
"Frighteners, The (1996)",3.234782608695652,115,-,-,-,-
Frisk (1995),2.6666666666666665,3,-,-,-,-
From Dusk Till Dawn (1996),3.119565217391304,92,-,-,-,-
"Fugitive, The (1993)",4.044642857142857,336,-,-,-,-
Full Metal Jacket (1987),3.6823529411764704,170,-,-,-,-
"Full Monty, The (1997)",3.926984126984127,315,-,-,-,-
Full Speed (1996),3.125,8,-,-,-,-
"Funeral, The (1996)",2.4285714285714284,21,-,-,-,-
Funny Face (1957),3.6666666666666665,21,-,-,-,-
"Further Gesture, A (1996)",1.0,1,-,-,-,-
G.I. Jane (1997),3.36,175,-,-,-,-
Gabbeh (1996),3.3333333333333335,6,-,-,-,-
"Game, The (1997)",3.593625498007968,251,-,-,-,-
Gandhi (1982),4.02051282051282,195,-,-,-,-
Gang Related (1997),2.6875,16,-,-,-,-
"Garden of Finzi-Contini, The (Giardino dei Finzi-Contini, Il) (1970)",3.9166666666666665,24,-,-,-,-
Gaslight (1944),3.8857142857142857,35,-,-,-,-
"Gate of Heavenly Peace, The (1995)",4.0,1,-,-,-,-
Gattaca (1997),3.5955882352941178,136,-,-,-,-
"Gay Divorcee, The (1934)",3.8666666666666667,15,-,-,-,-
George of the Jungle (1997),2.685185185185185,162,-,-,-,-
Georgia (1995),2.9,30,-,-,-,-
Germinal (1993),3.0,4,-,-,-,-
Geronimo: An American Legend (1993),3.111111111111111,9,-,-,-,-
Get Shorty (1995),3.550239234449761,209,-,-,-,-
Get on the Bus (1996),3.3157894736842106,38,-,-,-,-
"Getaway, The (1994)",2.3333333333333335,18,-,-,-,-
Getting Away With Murder (1996),1.0,1,-,-,-,-
Getting Even with Dad (1994),1.6,5,-,-,-,-
Ghost (1990),3.4647058823529413,170,-,-,-,-
"Ghost and Mrs. Muir, The (1947)",3.6511627906976742,43,-,-,-,-
"Ghost and the Darkness, The (1996)",3.203125,128,-,-,-,-
Ghost in the Shell (Kokaku kidotai) (1995),3.6538461538461537,26,-,-,-,-
Ghosts of Mississippi (1996),3.4827586206896552,29,-,-,-,-
Giant (1956),3.7450980392156863,51,-,-,-,-
Gigi (1958),3.658536585365854,41,-,-,-,-
Gilligan's Island: The Movie (1998),1.3333333333333333,3,-,-,-,-
Girl 6 (1996),2.76,25,-,-,-,-
Girl in the Cadillac (1995),1.0,1,-,-,-,-
Girls Town (1996),3.0,1,-,-,-,-
"Glass Shield, The (1994)",2.0,2,-,-,-,-
Glengarry Glen Ross (1992),3.463768115942029,69,-,-,-,-
"Glimmer Man, The (1996)",2.75,48,-,-,-,-
Glory (1989),4.076023391812866,171,-,-,-,-
Go Fish (1994),3.2,15,-,-,-,-
"Godfather, The (1972)",4.283292978208232,413,-,-,-,-
"Godfather: Part II, The (1974)",4.186602870813397,209,-,-,-,-
Gold Diggers: The Secret of Bear Mountain (1995),3.1,10,-,-,-,-
Golden Earrings (1947),4.0,2,-,-,-,-
GoldenEye (1995),3.2061068702290076,131,-,-,-,-
Gone Fishin' (1997),1.8181818181818181,11,-,-,-,-
Gone with the Wind (1939),3.854651162790698,172,-,-,-,-
"Good Man in Africa, A (1994)",3.0,2,-,-,-,-
Good Morning (1971),1.0,1,-,-,-,-
Good Will Hunting (1997),4.262626262626263,198,-,-,-,-
"Good, The Bad and The Ugly, The (1966)",3.8613138686131387,137,-,-,-,-
GoodFellas (1990),3.9513274336283186,226,-,-,-,-
"Goofy Movie, A (1995)",2.9,20,-,-,-,-
Gordy (1995),1.0,3,-,-,-,-
Grace of My Heart (1996),3.25,8,-,-,-,-
"Graduate, The (1967)",4.104602510460251,239,-,-,-,-
"Grand Day Out, A (1992)",4.106060606060606,66,-,-,-,-
"Grass Harp, The (1995)",3.2222222222222223,9,-,-,-,-
Grateful Dead (1995),3.5,4,-,-,-,-
Grease (1978),3.347058823529412,170,-,-,-,-
Grease 2 (1982),2.0,24,-,-,-,-
"Great Day in Harlem, A (1994)",5.0,1,-,-,-,-
"Great Dictator, The (1940)",4.021739130434782,46,-,-,-,-
"Great Escape, The (1963)",4.104838709677419,124,-,-,-,-
Great Expectations (1998),3.2222222222222223,27,-,-,-,-
"Great Race, The (1965)",3.2903225806451615,31,-,-,-,-
"Great White Hype, The (1996)",2.7551020408163267,49,-,-,-,-
Gridlock'd (1997),3.210526315789474,19,-,-,-,-
"Grifters, The (1990)",3.4831460674157304,89,-,-,-,-
Grosse Fatigue (1994),3.25,4,-,-,-,-
Grosse Pointe Blank (1997),3.675,160,-,-,-,-
Groundhog Day (1993),3.7642857142857142,280,-,-,-,-
Grumpier Old Men (1995),3.0405405405405403,148,-,-,-,-
Guantanamera (1994),3.75,4,-,-,-,-
Guilty as Sin (1993),2.1666666666666665,6,-,-,-,-
Gumby: The Movie (1995),2.6,5,-,-,-,-
Hackers (1995),2.606060606060606,33,-,-,-,-
Half Baked (1998),2.5,20,-,-,-,-
Halloween: The Curse of Michael Myers (1995),2.2,25,-,-,-,-
Hamlet (1996),4.011111111111111,90,-,-,-,-
Hana-bi (1997),3.0,1,-,-,-,-
Happy Gilmore (1996),3.389261744966443,149,-,-,-,-
Hard Eight (1996),4.0,15,-,-,-,-
Hard Rain (1998),2.903225806451613,31,-,-,-,-
Hard Target (1993),2.7,40,-,-,-,-
Harlem (1993),2.75,4,-,-,-,-
Harold and Maude (1971),3.8181818181818183,121,-,-,-,-
Harriet the Spy (1996),2.7,40,-,-,-,-
"Hate (Haine, La) (1995)",3.5,18,-,-,-,-
"Haunted World of Edward D. Wood Jr., The (1995)",3.7333333333333334,15,-,-,-,-
He Walked by Night (1948),4.0,1,-,-,-,-
Head Above Water (1996),3.0,4,-,-,-,-
Hear My Song (1991),3.25,8,-,-,-,-
Hearts and Minds (1996),3.8,5,-,-,-,-
Heat (1995),3.569506726457399,223,-,-,-,-
Heathers (1989),3.690058479532164,171,-,-,-,-
Heaven & Earth (1993),2.5555555555555554,9,-,-,-,-
Heaven's Prisoners (1996),2.5185185185185186,27,-,-,-,-
Heavenly Creatures (1994),3.6714285714285713,70,-,-,-,-
Heavy (1995),2.4,5,-,-,-,-
Heavy Metal (1981),3.26027397260274,73,-,-,-,-
Heavyweights (1994),2.1538461538461537,13,-,-,-,-
Hedd Wyn (1992),1.0,1,-,-,-,-
Heidi Fleiss: Hollywood Madam (1995) ,2.6923076923076925,13,-,-,-,-
Hellraiser: Bloodline (1996),2.0,18,-,-,-,-
Henry V (1989),4.137096774193548,124,-,-,-,-
Herbie Rides Again (1974),2.272727272727273,11,-,-,-,-
Hercules (1997),3.515151515151515,66,-,-,-,-
Here Comes Cookie (1935),2.0,1,-,-,-,-
Hideaway (1995),2.4444444444444446,9,-,-,-,-
High Noon (1952),4.1022727272727275,88,-,-,-,-
High School High (1996),2.6206896551724137,29,-,-,-,-
Higher Learning (1995),3.3333333333333335,30,-,-,-,-
Highlander (1986),3.5359477124183005,153,-,-,-,-
Highlander III: The Sorcerer (1994),2.125,16,-,-,-,-
His Girl Friday (1940),4.0,56,-,-,-,-
Hollow Reed (1996),2.3333333333333335,6,-,-,-,-
Homage (1995),1.0,1,-,-,-,-
Home Alone (1990),3.0875912408759123,137,-,-,-,-
Home Alone 3 (1997),1.894736842105263,19,-,-,-,-
Home for the Holidays (1995),3.1551724137931036,58,-,-,-,-
Homeward Bound II: Lost in San Francisco (1996),2.78125,32,-,-,-,-
Homeward Bound: The Incredible Journey (1993),3.2131147540983607,61,-,-,-,-
Hoodlum (1997),2.9315068493150687,73,-,-,-,-
Hoop Dreams (1994),4.094017094017094,117,-,-,-,-
"Horse Whisperer, The (1998)",2.7142857142857144,7,-,-,-,-
"Horseman on the Roof, The (Hussard sur le toit, Le) (1995)",4.111111111111111,9,-,-,-,-
Hostile Intentions (1994),1.0,1,-,-,-,-
Hot Shots! Part Deux (1993),2.764705882352941,68,-,-,-,-
Hotel de Love (1996),3.25,4,-,-,-,-
"Hour of the Pig, The (1993)",3.5714285714285716,14,-,-,-,-
House Arrest (1996),2.52,25,-,-,-,-
House Party 3 (1994),2.0,9,-,-,-,-
"House of Yes, The (1997)",3.0,18,-,-,-,-
"House of the Spirits, The (1993)",3.0416666666666665,24,-,-,-,-
Houseguest (1994),2.8333333333333335,24,-,-,-,-
How to Be a Player (1997),2.761904761904762,21,-,-,-,-
How to Make an American Quilt (1995),3.3380281690140845,71,-,-,-,-
"Howling, The (1981)",3.026315789473684,38,-,-,-,-
"Hudsucker Proxy, The (1994)",3.5545454545454547,110,-,-,-,-
Hugo Pool (1997),3.2857142857142856,7,-,-,-,-
"Hunchback of Notre Dame, The (1996)",3.377952755905512,127,-,-,-,-
"Hungarian Fairy Tale, A (1987)",1.0,1,-,-,-,-
"Hunt for Red October, The (1990)",3.8634361233480177,227,-,-,-,-
"Hunted, The (1995)",2.0,3,-,-,-,-
Hurricane Streets (1998),2.6666666666666665,9,-,-,-,-
Hush (1998),2.0,1,-,-,-,-
I Can't Sleep (J'ai pas sommeil) (1994),2.6666666666666665,3,-,-,-,-
I Don't Want to Talk About It (De eso no se habla) (1993),4.0,1,-,-,-,-
I Know What You Did Last Summer (1997),3.06,100,-,-,-,-
I Like It Like That (1994),2.3333333333333335,3,-,-,-,-
I Love Trouble (1994),2.5,10,-,-,-,-
I Shot Andy Warhol (1996),3.3783783783783785,37,-,-,-,-
I'll Do Anything (1994),2.6,10,-,-,-,-
I'm Not Rappaport (1996),3.0,17,-,-,-,-
"I, Worst of All (Yo, la peor de todas) (1990)",1.0,1,-,-,-,-
I.Q. (1994),3.3209876543209877,81,-,-,-,-
"Ice Storm, The (1997)",3.611111111111111,108,-,-,-,-
If Lucy Fell (1996),2.7586206896551726,29,-,-,-,-
Ill Gotten Gains (1997),2.3333333333333335,3,-,-,-,-
Immortal Beloved (1994),3.4603174603174605,63,-,-,-,-
In & Out (1997),3.3043478260869565,230,-,-,-,-
In Love and War (1996),3.4285714285714284,28,-,-,-,-
In the Army Now (1994),2.2777777777777777,18,-,-,-,-
In the Bleak Midwinter (1995),3.6875,16,-,-,-,-
In the Company of Men (1997),3.712121212121212,66,-,-,-,-
In the Line of Duty 2 (1987),2.75,4,-,-,-,-
In the Line of Fire (1993),3.7928994082840237,169,-,-,-,-
In the Mouth of Madness (1995),2.8846153846153846,26,-,-,-,-
In the Name of the Father (1993),3.911764705882353,102,-,-,-,-
In the Realm of the Senses (Ai no corrida) (1976),2.0,9,-,-,-,-
Incognito (1997),3.5,10,-,-,-,-
Independence Day (ID4) (1996),3.438228438228438,429,-,-,-,-
Indian Summer (1996),3.25,20,-,-,-,-
"Indian in the Cupboard, The (1995)",2.8205128205128207,39,-,-,-,-
Indiana Jones and the Last Crusade (1989),3.930513595166163,331,-,-,-,-
Infinity (1996),2.6666666666666665,6,-,-,-,-
"Inkwell, The (1994)",3.3333333333333335,3,-,-,-,-
"Innocent Sleep, The (1995)",2.0,2,-,-,-,-
"Innocents, The (1961)",4.25,4,-,-,-,-
"Inspector General, The (1949)",3.7222222222222223,18,-,-,-,-
Interview with the Vampire (1994),3.1824817518248176,137,-,-,-,-
Intimate Relations (1996),3.0,2,-,-,-,-
Inventing the Abbotts (1997),3.130434782608696,23,-,-,-,-
"Invitation, The (Zaproszenie) (1986)",1.0,1,-,-,-,-
"Island of Dr. Moreau, The (1996)",2.1578947368421053,57,-,-,-,-
It Could Happen to You (1994),3.652173913043478,46,-,-,-,-
It Happened One Night (1934),4.012345679012346,81,-,-,-,-
It Takes Two (1995),2.6666666666666665,3,-,-,-,-
It's My Party (1995),3.2857142857142856,21,-,-,-,-
It's a Wonderful Life (1946),4.121212121212121,231,-,-,-,-
JLG/JLG - autoportrait de décembre (1994),1.0,1,-,-,-,-
Jack (1996),3.142857142857143,70,-,-,-,-
Jack and Sarah (1995),2.142857142857143,7,-,-,-,-
"Jackal, The (1997)",3.1494252873563218,87,-,-,-,-
Jackie Brown (1997),3.642857142857143,126,-,-,-,-
Jackie Chan's First Strike (1996),3.2551724137931033,145,-,-,-,-
Jade (1995),2.2941176470588234,17,-,-,-,-
James and the Giant Peach (1996),3.126984126984127,126,-,-,-,-
Jane Eyre (1996),3.4761904761904763,63,-,-,-,-
Jason's Lyric (1994),3.0,8,-,-,-,-
Jaws (1975),3.775,280,-,-,-,-
Jaws 2 (1978),2.6666666666666665,66,-,-,-,-
Jaws 3-D (1983),1.9375,16,-,-,-,-
Jean de Florette (1986),4.109375,64,-,-,-,-
Jefferson in Paris (1995),2.0,5,-,-,-,-
Jeffrey (1995),3.5294117647058822,34,-,-,-,-
"Jerky Boys, The (1994)",2.6666666666666665,3,-,-,-,-
Jerry Maguire (1996),3.7109375,384,-,-,-,-
Jimmy Hollywood (1994),2.875,8,-,-,-,-
Jingle All the Way (1996),2.111111111111111,18,-,-,-,-
Joe's Apartment (1996),2.2444444444444445,45,-,-,-,-
Johnny 100 Pesos (1993),1.5,2,-,-,-,-
Johnny Mnemonic (1995),2.6341463414634148,41,-,-,-,-
Johns (1996),3.0,1,-,-,-,-
"Journey of August King, The (1995)",2.0,4,-,-,-,-
"Joy Luck Club, The (1993)",3.6666666666666665,3,-,-,-,-
Jude (1996),3.0,23,-,-,-,-
Judge Dredd (1995),2.8974358974358974,39,-,-,-,-
Judgment Night (1993),2.68,25,-,-,-,-
Jumanji (1995),3.3125,96,-,-,-,-
"Jungle Book, The (1994)",3.5647058823529414,85,-,-,-,-
Jungle2Jungle (1997),2.4393939393939394,132,-,-,-,-
Junior (1994),3.022222222222222,45,-,-,-,-
Jupiter's Wife (1994),4.0,1,-,-,-,-
Jurassic Park (1993),3.7203065134099615,261,-,-,-,-
"Juror, The (1996)",2.817073170731707,82,-,-,-,-
Jury Duty (1995),2.0,14,-,-,-,-
Just Cause (1995),3.142857142857143,28,-,-,-,-
Kalifornia (1993),3.2203389830508473,59,-,-,-,-
Kama Sutra: A Tale of Love (1996),3.3181818181818183,22,-,-,-,-
Kansas City (1996),2.260869565217391,23,-,-,-,-
Kaspar Hauser (1993),4.25,8,-,-,-,-
Kazaam (1996),1.8,10,-,-,-,-
Keys to Tulsa (1997),2.24,25,-,-,-,-
Kicked in the Head (1997),2.5714285714285716,7,-,-,-,-
Kicking and Screaming (1995),2.923076923076923,13,-,-,-,-
"Kid in King Arthur's Court, A (1995)",2.727272727272727,22,-,-,-,-
Kids (1995),3.061224489795918,49,-,-,-,-
Kids in the Hall: Brain Candy (1996),3.076923076923077,65,-,-,-,-
Kika (1993),2.0,2,-,-,-,-
Killer (Bulletproof Heart) (1994),2.5,4,-,-,-,-
Killer: A Journal of Murder (1995),4.0,1,-,-,-,-
"Killing Fields, The (1984)",4.132231404958677,121,-,-,-,-
Killing Zoe (1994),3.475,40,-,-,-,-
Kim (1950),3.2857142857142856,7,-,-,-,-
King of New York (1990),1.0,1,-,-,-,-
King of the Hill (1993),3.5,4,-,-,-,-
Kingpin (1996),3.1296296296296298,162,-,-,-,-
"Kiss Me, Guido (1997)",3.161290322580645,31,-,-,-,-
Kiss of Death (1995),2.85,20,-,-,-,-
Kiss the Girls (1997),3.4615384615384617,143,-,-,-,-
Kissed (1996),3.0,6,-,-,-,-
Kolya (1996),3.9914529914529915,117,-,-,-,-
Koyaanisqatsi (1983),3.490566037735849,53,-,-,-,-
Kull the Conqueror (1997),2.63768115942029,69,-,-,-,-
Kundun (1997),3.6904761904761907,42,-,-,-,-
L.A. Confidential (1997),4.161616161616162,297,-,-,-,-
Lady of Burlesque (1943),4.0,1,-,-,-,-
Ladybird Ladybird (1994),2.75,4,-,-,-,-
Lamerica (1994),3.75,4,-,-,-,-
Land Before Time III: The Time of the Great Giving (1995) (V),1.6666666666666667,6,-,-,-,-
Land and Freedom (Tierra y libertad) (1995),3.0,1,-,-,-,-
Larger Than Life (1996),2.3333333333333335,9,-,-,-,-
Lashou shentan (1992),1.0,1,-,-,-,-
Lassie (1994),2.2857142857142856,7,-,-,-,-
Last Action Hero (1993),2.7457627118644066,59,-,-,-,-
Last Dance (1996),3.111111111111111,9,-,-,-,-
"Last Klezmer: Leopold Kozlowski, His Life and Music, The (1995)",3.0,4,-,-,-,-
Last Man Standing (1996),2.660377358490566,53,-,-,-,-
Last Summer in the Hamptons (1995),2.3333333333333335,3,-,-,-,-
"Last Supper, The (1995)",3.4482758620689653,58,-,-,-,-
"Last Time I Committed Suicide, The (1997)",2.2857142857142856,7,-,-,-,-
"Last Time I Saw Paris, The (1954)",3.6666666666666665,3,-,-,-,-
"Last of the Mohicans, The (1992)",3.546875,128,-,-,-,-
Late Bloomers (1996),3.4,5,-,-,-,-
Laura (1944),4.1,40,-,-,-,-
Lawnmower Man 2: Beyond Cyberspace (1996),1.7142857142857142,21,-,-,-,-
"Lawnmower Man, The (1992)",2.4461538461538463,65,-,-,-,-
Lawrence of Arabia (1962),4.23121387283237,173,-,-,-,-
"Lay of the Land, The (1997)",2.5,4,-,-,-,-
"Leading Man, The (1996)",3.75,4,-,-,-,-
Leave It to Beaver (1997),1.8409090909090908,44,-,-,-,-
Leaving Las Vegas (1995),3.697986577181208,298,-,-,-,-
Legal Deceit (1997),3.4,5,-,-,-,-
Legends of the Fall (1994),3.45679012345679,81,-,-,-,-
"Leopard Son, The (1996)",1.0,1,-,-,-,-
"Letter From Death Row, A (1998)",4.333333333333333,3,-,-,-,-
Liar Liar (1997),3.156701030927835,485,-,-,-,-
Liebelei (1933),1.0,1,-,-,-,-
"Life Less Ordinary, A (1997)",3.0754716981132075,53,-,-,-,-
Life with Mikey (1993),2.2857142857142856,7,-,-,-,-
Lightning Jack (1994),3.0,10,-,-,-,-
Like Water For Chocolate (Como agua para chocolate) (1992),3.804054054054054,148,-,-,-,-
"Line King: Al Hirschfeld, The (1996)",3.0,2,-,-,-,-
"Lion King, The (1994)",3.7818181818181817,220,-,-,-,-
Little Big League (1994),2.875,16,-,-,-,-
Little Buddha (1993),3.3181818181818183,22,-,-,-,-
Little City (1998),3.5,2,-,-,-,-
Little Lord Fauntleroy (1936),3.1666666666666665,12,-,-,-,-
Little Odessa (1994),2.6,10,-,-,-,-
"Little Princess, A (1995)",3.658536585365854,41,-,-,-,-
"Little Princess, The (1939)",3.5555555555555554,9,-,-,-,-
"Little Rascals, The (1994)",2.7222222222222223,18,-,-,-,-
Little Women (1994),3.676470588235294,102,-,-,-,-
Live Nude Girls (1995),3.0869565217391304,23,-,-,-,-
Living in Oblivion (1995),3.740740740740741,27,-,-,-,-
Loaded (1994),2.4,5,-,-,-,-
Local Hero (1983),3.9682539682539684,63,-,-,-,-
Loch Ness (1995),2.5,4,-,-,-,-
"Locusts, The (1997)",2.0,5,-,-,-,-
Lone Star (1996),4.053475935828877,187,-,-,-,-
"Long Kiss Goodnight, The (1996)",3.4702702702702704,185,-,-,-,-
Looking for Richard (1996),3.727272727272727,55,-,-,-,-
Lord of Illusions (1995),2.4166666666666665,24,-,-,-,-
Losing Chase (1996),3.25,8,-,-,-,-
Losing Isaiah (1995),3.0,12,-,-,-,-
Lost Highway (1997),3.136,125,-,-,-,-
Lost Horizon (1937),3.9411764705882355,34,-,-,-,-
"Lost World: Jurassic Park, The (1997)",2.9430379746835444,158,-,-,-,-
Lost in Space (1998),3.1666666666666665,18,-,-,-,-
Lotto Land (1995),1.0,1,-,-,-,-
Love & Human Remains (1993),3.1666666666666665,12,-,-,-,-
Love Affair (1994),2.8333333333333335,12,-,-,-,-
"Love Bug, The (1969)",2.78,50,-,-,-,-
Love Is All There Is (1996),3.0,1,-,-,-,-
Love Jones (1997),3.0952380952380953,42,-,-,-,-
Love Serenade (1996),3.0,4,-,-,-,-
Love and Death on Long Island (1997),2.5,2,-,-,-,-
Love and Other Catastrophes (1996),2.857142857142857,7,-,-,-,-
Love and a .45 (1994),3.125,8,-,-,-,-
Love in the Afternoon (1957),3.9,10,-,-,-,-
Love! Valour! Compassion! (1997),3.6153846153846154,26,-,-,-,-
Lover's Knot (1996),2.0,3,-,-,-,-
"Low Down Dirty Shame, A (1994)",2.5,10,-,-,-,-
"Low Life, The (1994)",1.0,1,-,-,-,-
M (1931),4.0,44,-,-,-,-
M*A*S*H (1970),3.912621359223301,206,-,-,-,-
M. Butterfly (1993),3.2222222222222223,18,-,-,-,-
MURDER and murder (1996),2.0,1,-,-,-,-
Ma vie en rose (My Life in Pink) (1997),3.45,20,-,-,-,-
"Machine, The (1994)",1.5,2,-,-,-,-
Mad City (1997),3.25531914893617,47,-,-,-,-
Mad Dog Time (1996),3.0,1,-,-,-,-
Mad Love (1995),2.1538461538461537,13,-,-,-,-
Madame Butterfly (1995),3.5714285714285716,7,-,-,-,-
Made in America (1993),2.5185185185185186,27,-,-,-,-
"Madness of King George, The (1994)",3.769230769230769,91,-,-,-,-
Madonna: Truth or Dare (1991),2.4705882352941178,17,-,-,-,-
"Magic Hour, The (1998)",3.6,5,-,-,-,-
"Magnificent Seven, The (1954)",3.9421487603305785,121,-,-,-,-
Major Payne (1994),2.473684210526316,19,-,-,-,-
Malice (1993),3.1739130434782608,46,-,-,-,-
Mallrats (1995),3.4444444444444446,54,-,-,-,-
"Maltese Falcon, The (1941)",4.2101449275362315,138,-,-,-,-
Mamma Roma (1962),4.0,1,-,-,-,-
"Man Who Knew Too Little, The (1997)",2.923076923076923,52,-,-,-,-
"Man Who Would Be King, The (1975)",4.025,80,-,-,-,-
"Man Without a Face, The (1993)",3.5441176470588234,68,-,-,-,-
"Man from Down Under, The (1943)",1.0,1,-,-,-,-
"Man in the Iron Mask, The (1998)",3.4166666666666665,12,-,-,-,-
"Man of No Importance, A (1994)",3.4285714285714284,7,-,-,-,-
Man of the House (1995),2.111111111111111,9,-,-,-,-
Man of the Year (1995),3.111111111111111,9,-,-,-,-
"Manchurian Candidate, The (1962)",4.259541984732825,131,-,-,-,-
Manhattan (1979),3.769230769230769,91,-,-,-,-
Manhattan Murder Mystery (1993),3.6296296296296298,27,-,-,-,-
Manny & Lo (1996),3.1538461538461537,13,-,-,-,-
Manon of the Spring (Manon des sources) (1986),4.120689655172414,58,-,-,-,-
Margaret's Museum (1995),4.0,6,-,-,-,-
"Mark of Zorro, The (1940)",3.6153846153846154,13,-,-,-,-
Marked for Death (1990),2.5,22,-,-,-,-
Marlene Dietrich: Shadow and Light (1996) ,5.0,1,-,-,-,-
Mars Attacks! (1996),2.847926267281106,217,-,-,-,-
Marvin's Room (1996),3.58974358974359,78,-,-,-,-
Mary Poppins (1964),3.7247191011235956,178,-,-,-,-
Mary Reilly (1996),2.8205128205128207,39,-,-,-,-
Mary Shelley's Frankenstein (1994),3.0677966101694913,59,-,-,-,-
"Mask, The (1994)",3.193798449612403,129,-,-,-,-
Mat' i syn (1997),1.0,1,-,-,-,-
"MatchMaker, The (1997)",3.176470588235294,51,-,-,-,-
Matilda (1996),3.210526315789474,95,-,-,-,-
Maverick (1994),3.46875,128,-,-,-,-
Maximum Risk (1996),2.8,20,-,-,-,-
Maya Lin: A Strong Clear Vision (1994),4.5,4,-,-,-,-
"Maybe, Maybe Not (Bewegte Mann, Der) (1994)",3.5,8,-,-,-,-
McHale's Navy (1997),2.1884057971014492,69,-,-,-,-
Mediterraneo (1991),3.676470588235294,34,-,-,-,-
Meet John Doe (1941),3.92,25,-,-,-,-
Meet Me in St. Louis (1944),3.3548387096774195,31,-,-,-,-
Meet Wally Sparks (1997),2.142857142857143,7,-,-,-,-
Men With Guns (1997),3.5,2,-,-,-,-
Men in Black (1997),3.745874587458746,303,-,-,-,-
Men of Means (1998),2.0,2,-,-,-,-
Menace II Society (1993),3.46,50,-,-,-,-
Mercury Rising (1998),3.4285714285714284,7,-,-,-,-
Metisse (Café au Lait) (1993),2.3333333333333335,6,-,-,-,-
Metro (1997),2.9166666666666665,36,-,-,-,-
Miami Rhapsody (1995),2.6,15,-,-,-,-
Michael (1996),3.319327731092437,119,-,-,-,-
Michael Collins (1996),3.4565217391304346,92,-,-,-,-
Microcosmos: Le peuple de l'herbe (1996),3.75,24,-,-,-,-
Midnight Dancers (Sibak) (1994),2.8,5,-,-,-,-
Midnight in the Garden of Good and Evil (1997),3.1625,80,-,-,-,-
Mighty Aphrodite (1995),3.4184782608695654,184,-,-,-,-
Mighty Morphin Power Rangers: The Movie (1995),2.272727272727273,11,-,-,-,-
"Mighty, The (1998)",1.0,3,-,-,-,-
Milk Money (1994),2.72972972972973,37,-,-,-,-
Mille bolle blu (1993),1.0,1,-,-,-,-
Miller's Crossing (1990),3.651685393258427,89,-,-,-,-
Mimic (1997),2.742574257425743,101,-,-,-,-
Mina Tannenbaum (1994),3.6666666666666665,6,-,-,-,-
Miracle on 34th Street (1994),3.722772277227723,101,-,-,-,-
Mirage (1995),3.0,1,-,-,-,-
"Mirror Has Two Faces, The (1996)",3.3636363636363638,66,-,-,-,-
Mission: Impossible (1996),3.313953488372093,344,-,-,-,-
"Misérables, Les (1995)",3.619047619047619,21,-,-,-,-
Mixed Nuts (1994),2.533333333333333,15,-,-,-,-
"Modern Affair, A (1995)",1.0,1,-,-,-,-
Moll Flanders (1996),3.5,42,-,-,-,-
Mondo (1996),3.0,3,-,-,-,-
Money Talks (1997),2.8152173913043477,92,-,-,-,-
Money Train (1995),2.511627906976744,43,-,-,-,-
"Month by the Lake, A (1995)",3.3333333333333335,9,-,-,-,-
Monty Python and the Holy Grail (1974),4.0664556962025316,316,-,-,-,-
Monty Python's Life of Brian (1979),3.7471264367816093,174,-,-,-,-
Moonlight and Valentino (1995),2.5714285714285716,7,-,-,-,-
Mortal Kombat (1995),2.877551020408163,49,-,-,-,-
Mortal Kombat: Annihilation (1997),1.9534883720930232,43,-,-,-,-
"Mostro, Il (1994)",1.0,1,-,-,-,-
Mother (1996),3.1301775147928996,169,-,-,-,-
Mother Night (1996),3.1818181818181817,22,-,-,-,-
Mouse Hunt (1997),2.477272727272727,44,-,-,-,-
Mr. Holland's Opus (1995),3.7781569965870307,293,-,-,-,-
Mr. Jones (1993),2.5,2,-,-,-,-
Mr. Magoo (1997),1.9166666666666667,12,-,-,-,-
Mr. Smith Goes to Washington (1939),4.123809523809523,105,-,-,-,-
Mr. Wonderful (1993),3.0,4,-,-,-,-
Mr. Wrong (1996),2.3043478260869565,23,-,-,-,-
"Mrs. Brown (Her Majesty, Mrs. Brown) (1997)",3.9479166666666665,96,-,-,-,-
Mrs. Dalloway (1997),3.6,15,-,-,-,-
Mrs. Doubtfire (1993),3.4114583333333335,192,-,-,-,-
Mrs. Parker and the Vicious Circle (1994),3.272727272727273,22,-,-,-,-
Mrs. Winterbourne (1996),3.0454545454545454,22,-,-,-,-
Much Ado About Nothing (1993),4.0625,176,-,-,-,-
Mulholland Falls (1996),2.8780487804878048,82,-,-,-,-
Multiplicity (1996),2.8358208955223883,134,-,-,-,-
Muppet Treasure Island (1996),2.761904761904762,84,-,-,-,-
Murder at 1600 (1997),3.0871559633027523,218,-,-,-,-
Murder in the First (1995),3.6,60,-,-,-,-
"Murder, My Sweet (1944)",3.5555555555555554,9,-,-,-,-
Muriel's Wedding (1994),3.55,100,-,-,-,-
Mute Witness (1994),2.9411764705882355,17,-,-,-,-
My Best Friend's Wedding (1997),3.36046511627907,172,-,-,-,-
My Crazy Life (Mi vida loca) (1993),3.1818181818181817,11,-,-,-,-
My Fair Lady (1964),3.816,125,-,-,-,-
My Family (1995),3.6666666666666665,21,-,-,-,-
My Favorite Season (1993),3.6666666666666665,3,-,-,-,-
My Favorite Year (1982),3.532258064516129,62,-,-,-,-
My Fellow Americans (1996),3.1627906976744184,86,-,-,-,-
My Left Foot (1989),3.8512396694214877,121,-,-,-,-
My Life and Times With Antonin Artaud (En compagnie d'Antonin Artaud) (1993),2.0,2,-,-,-,-
My Life as a Dog (Mitt liv som hund) (1985),3.978494623655914,93,-,-,-,-
My Man Godfrey (1936),4.037037037037037,27,-,-,-,-
My Own Private Idaho (1991),3.6333333333333333,30,-,-,-,-
Mystery Science Theater 3000: The Movie (1996),3.4307692307692306,130,-,-,-,-
Nadja (1994),2.25,8,-,-,-,-
Naked (1993),3.24,25,-,-,-,-
Naked Gun 33 1/3: The Final Insult (1994),2.782608695652174,69,-,-,-,-
Naked in New York (1994),1.5,2,-,-,-,-
National Lampoon's Senior Trip (1995),2.4285714285714284,7,-,-,-,-
Natural Born Killers (1994),2.953125,128,-,-,-,-
Nell (1994),3.4814814814814814,81,-,-,-,-
Nelly & Monsieur Arnaud (1995),3.6666666666666665,3,-,-,-,-
Nemesis 2: Nebula (1995),2.0,1,-,-,-,-
"Neon Bible, The (1995)",1.75,4,-,-,-,-
"Net, The (1995)",3.0083333333333333,120,-,-,-,-
"NeverEnding Story III, The (1994)",2.1666666666666665,12,-,-,-,-
"New Age, The (1994)",1.0,1,-,-,-,-
New Jersey Drive (1995),3.0,2,-,-,-,-
New York Cop (1996),2.5,2,-,-,-,-
"Newton Boys, The (1998)",3.0,4,-,-,-,-
"Next Karate Kid, The (1994)",2.4444444444444446,9,-,-,-,-
"Next Step, The (1995)",3.0,1,-,-,-,-
"Niagara, Niagara (1997)",2.0,1,-,-,-,-
Nick of Time (1995),3.0454545454545454,44,-,-,-,-
Nico Icon (1995),4.0,2,-,-,-,-
Night Falls on Manhattan (1997),3.375,32,-,-,-,-
Night Flier (1997),3.7142857142857144,7,-,-,-,-
Night of the Living Dead (1968),3.421875,64,-,-,-,-
Night on Earth (1991),3.8333333333333335,36,-,-,-,-
"Nightmare Before Christmas, The (1993)",3.5874125874125875,143,-,-,-,-
"Nightmare on Elm Street, A (1984)",3.171171171171171,111,-,-,-,-
Nightwatch (1997),3.0,3,-,-,-,-
Nikita (La Femme Nikita) (1990),4.0078740157480315,127,-,-,-,-
Nil By Mouth (1997),2.0,4,-,-,-,-
Nina Takes a Lover (1994),2.8333333333333335,6,-,-,-,-
Nine Months (1995),2.9310344827586206,58,-,-,-,-
Ninotchka (1939),3.769230769230769,26,-,-,-,-
Nixon (1995),3.1222222222222222,90,-,-,-,-
No Escape (1994),2.4,5,-,-,-,-
Nobody Loves Me (Keiner liebt mich) (1994),1.0,1,-,-,-,-
Nobody's Fool (1994),3.608695652173913,46,-,-,-,-
Normal Life (1996),3.0,1,-,-,-,-
North (1994),2.7142857142857144,7,-,-,-,-
North by Northwest (1959),4.284916201117318,179,-,-,-,-
"Nosferatu (Nosferatu, eine Symphonie des Grauens) (1922)",3.5555555555555554,54,-,-,-,-
Nosferatu a Venezia (1986),2.3333333333333335,3,-,-,-,-
Nothing Personal (1995),2.0,1,-,-,-,-
Nothing to Lose (1994),3.2857142857142856,7,-,-,-,-
Notorious (1946),4.115384615384615,52,-,-,-,-
Now and Then (1995),3.4583333333333335,24,-,-,-,-
Nowhere (1997),2.3333333333333335,3,-,-,-,-
"Nutty Professor, The (1996)",2.914110429447853,163,-,-,-,-
Nénette et Boni (1996),3.5,6,-,-,-,-
"Object of My Affection, The (1998)",4.0,1,-,-,-,-
Of Human Bondage (1934),3.2,5,-,-,-,-
Of Love and Shadows (1994),3.1666666666666665,6,-,-,-,-
Office Killer (1997),1.0,1,-,-,-,-
"Old Lady Who Walked in the Sea, The (Vieille qui marchait dans la mer, La) (1991)",2.6,5,-,-,-,-
"Old Man and the Sea, The (1958)",3.34375,32,-,-,-,-
Old Yeller (1957),3.484375,64,-,-,-,-
Oliver & Company (1988),2.772727272727273,22,-,-,-,-
"Omen, The (1976)",3.388235294117647,85,-,-,-,-
On Golden Pond (1981),3.556603773584906,106,-,-,-,-
Once Upon a Time in America (1984),3.4,50,-,-,-,-
Once Upon a Time in the West (1969),3.8684210526315788,38,-,-,-,-
Once Upon a Time... When We Were Colored (1995),3.2857142857142856,28,-,-,-,-
Once Were Warriors (1994),4.064516129032258,31,-,-,-,-
One Fine Day (1996),3.232142857142857,112,-,-,-,-
One Flew Over the Cuckoo's Nest (1975),4.291666666666667,264,-,-,-,-
One Night Stand (1997),3.466666666666667,15,-,-,-,-
Only You (1994),3.1538461538461537,39,-,-,-,-
Open Season (1996),2.5,2,-,-,-,-
Operation Dumbo Drop (1995),2.5161290322580645,31,-,-,-,-
Original Gangstas (1996),2.142857142857143,7,-,-,-,-
Orlando (1993),3.6176470588235294,34,-,-,-,-
Oscar & Lucinda (1997),3.1904761904761907,21,-,-,-,-
Othello (1995),3.611111111111111,72,-,-,-,-
"Other Voices, Other Rooms (1997)",3.0,1,-,-,-,-
Out to Sea (1997),2.6842105263157894,19,-,-,-,-
Outbreak (1995),3.2403846153846154,104,-,-,-,-
"Outlaw, The (1943)",2.5,2,-,-,-,-
"Pagemaster, The (1994)",2.25,12,-,-,-,-
"Pallbearer, The (1996)",2.3181818181818183,22,-,-,-,-
Palmetto (1998),3.142857142857143,14,-,-,-,-
Palookaville (1996),2.923076923076923,13,-,-,-,-
Panther (1995),2.4,5,-,-,-,-
"Paper, The (1994)",3.225,40,-,-,-,-
Paradise Lost: The Child Murders at Robin Hood Hills (1996),4.05,20,-,-,-,-
Paradise Road (1997),3.2857142857142856,7,-,-,-,-
"Parent Trap, The (1961)",3.095890410958904,73,-,-,-,-
Paris Is Burning (1990),3.814814814814815,27,-,-,-,-
Paris Was a Woman (1995),3.0,1,-,-,-,-
"Paris, France (1993)",2.3333333333333335,3,-,-,-,-
"Paris, Texas (1984)",3.5434782608695654,46,-,-,-,-
Party Girl (1995),2.875,16,-,-,-,-
Passion Fish (1992),3.1785714285714284,28,-,-,-,-
Pather Panchali (1955),4.625,8,-,-,-,-
Paths of Glory (1957),4.212121212121212,33,-,-,-,-
Patton (1970),3.9926470588235294,136,-,-,-,-
"Peacemaker, The (1997)",3.2720588235294117,136,-,-,-,-
Penny Serenade (1941),3.0,8,-,-,-,-
"People vs. Larry Flynt, The (1996)",3.5953488372093023,215,-,-,-,-
"Perez Family, The (1995)",2.642857142857143,14,-,-,-,-
"Perfect Candidate, A (1996)",4.0,4,-,-,-,-
"Perfect World, A (1993)",3.68,50,-,-,-,-
Persuasion (1995),4.045454545454546,44,-,-,-,-
"Pest, The (1997)",1.875,8,-,-,-,-
Pete's Dragon (1977),2.7209302325581395,43,-,-,-,-
"Phantom, The (1996)",2.575,80,-,-,-,-
Phantoms (1998),2.230769230769231,13,-,-,-,-
Pharaoh's Army (1995),1.0,1,-,-,-,-
Phat Beach (1996),1.6,5,-,-,-,-
Phenomenon (1996),3.557377049180328,244,-,-,-,-
Philadelphia (1993),3.854014598540146,137,-,-,-,-
"Philadelphia Story, The (1940)",4.115384615384615,104,-,-,-,-
"Piano, The (1993)",3.6011904761904763,168,-,-,-,-
Picnic (1955),3.611111111111111,18,-,-,-,-
Picture Bride (1995),3.1,10,-,-,-,-
Picture Perfect (1997),2.962962962962963,81,-,-,-,-
Pie in the Sky (1995),2.0,4,-,-,-,-
"Pillow Book, The (1995)",3.6923076923076925,26,-,-,-,-
Pink Floyd - The Wall (1982),3.3508771929824563,114,-,-,-,-
Pinocchio (1940),3.6732673267326734,101,-,-,-,-
Platoon (1986),3.6929133858267718,127,-,-,-,-
Playing God (1997),2.627906976744186,43,-,-,-,-
Pocahontas (1995),2.5294117647058822,51,-,-,-,-
Poetic Justice (1993),2.7777777777777777,9,-,-,-,-
Poison Ivy II (1995),2.1538461538461537,13,-,-,-,-
Police Story 4: Project S (Chao ji ji hua) (1993),1.0,1,-,-,-,-
Pollyanna (1960),3.1481481481481484,27,-,-,-,-
"Pompatus of Love, The (1996)",3.0,7,-,-,-,-
Ponette (1996),3.3,10,-,-,-,-
"Portrait of a Lady, The (1996)",2.68,25,-,-,-,-
"Postino, Il (1994)",3.9672131147540983,183,-,-,-,-
"Postman, The (1997)",3.2241379310344827,58,-,-,-,-
Powder (1995),3.2083333333333335,48,-,-,-,-
Power 98 (1995),1.0,1,-,-,-,-
"Preacher's Wife, The (1996)",2.926470588235294,68,-,-,-,-
Prefontaine (1997),5.0,3,-,-,-,-
Pretty Woman (1990),3.323170731707317,164,-,-,-,-
"Price Above Rubies, A (1998)",3.3333333333333335,3,-,-,-,-
Priest (1994),4.0,40,-,-,-,-
Primal Fear (1996),3.601123595505618,178,-,-,-,-
Primary Colors (1998),3.923076923076923,13,-,-,-,-
"Princess Bride, The (1987)",4.172839506172839,324,-,-,-,-
Princess Caraboo (1994),3.1333333333333333,15,-,-,-,-
Prisoner of the Mountains (Kavkazsky Plennik) (1996),3.0,5,-,-,-,-
Private Benjamin (1980),2.955223880597015,67,-,-,-,-
Private Parts (1997),3.53,100,-,-,-,-
"Professional, The (1994)",3.704697986577181,149,-,-,-,-
"Program, The (1993)",2.838709677419355,31,-,-,-,-
"Promesse, La (1996)",3.3333333333333335,6,-,-,-,-
"Promise, The (Versprechen, Das) (1994)",1.0,1,-,-,-,-
"Prophecy II, The (1998)",2.7,20,-,-,-,-
"Prophecy, The (1995)",2.9375,32,-,-,-,-
Psycho (1960),4.100418410041841,239,-,-,-,-
Pulp Fiction (1994),4.060913705583756,394,-,-,-,-
Pump Up the Volume (1990),3.4177215189873418,79,-,-,-,-
Purple Noon (1960),3.142857142857143,7,-,-,-,-
Pushing Hands (1992),2.0,2,-,-,-,-
"Pyromaniac's Love Story, A (1995)",2.4285714285714284,7,-,-,-,-
Quartier Mozart (1992),1.0,1,-,-,-,-
"Queen Margot (Reine Margot, La) (1994)",3.5,24,-,-,-,-
"Quest, The (1996)",2.5185185185185186,27,-,-,-,-
"Quick and the Dead, The (1995)",3.2083333333333335,48,-,-,-,-
"Quiet Man, The (1952)",4.029850746268656,67,-,-,-,-
"Quiet Room, The (1996)",3.6666666666666665,3,-,-,-,-
Quiz Show (1994),3.645714285714286,175,-,-,-,-
Race the Sun (1996),2.8,5,-,-,-,-
Radioland Murders (1994),3.3333333333333335,12,-,-,-,-
Raging Bull (1980),4.120689655172414,116,-,-,-,-
Raiders of the Lost Ark (1981),4.252380952380952,420,-,-,-,-
"Rainmaker, The (1997)",3.6,145,-,-,-,-
Raise the Red Lantern (1991),4.155172413793103,58,-,-,-,-
Raising Arizona (1987),3.875,256,-,-,-,-
Ran (1985),4.1,70,-,-,-,-
Ransom (1996),3.644194756554307,267,-,-,-,-
Raw Deal (1948),2.0,1,-,-,-,-
Ready to Wear (Pret-A-Porter) (1994),1.8333333333333333,18,-,-,-,-
Real Genius (1985),3.6638655462184873,119,-,-,-,-
Reality Bites (1994),2.961038961038961,77,-,-,-,-
Rear Window (1954),4.3875598086124405,209,-,-,-,-
Rebecca (1940),3.9696969696969697,66,-,-,-,-
Rebel Without a Cause (1955),3.8555555555555556,90,-,-,-,-
Reckless (1995),2.75,8,-,-,-,-
Red Corner (1997),3.3859649122807016,57,-,-,-,-
"Red Firecracker, Green Firecracker (1994)",3.4615384615384617,13,-,-,-,-
Red Rock West (1992),3.5961538461538463,52,-,-,-,-
"Ref, The (1994)",3.0344827586206895,58,-,-,-,-
Relative Fear (1994),1.6666666666666667,3,-,-,-,-
"Relic, The (1997)",2.88,25,-,-,-,-
"Reluctant Debutante, The (1958)",3.0,1,-,-,-,-
"Remains of the Day, The (1993)",3.94,150,-,-,-,-
Renaissance Man (1994),3.0,43,-,-,-,-
"Rendezvous in Paris (Rendez-vous de Paris, Les) (1995)",3.3333333333333335,3,-,-,-,-
Rent-a-Kid (1995),3.0,8,-,-,-,-
"Replacement Killers, The (1998)",3.3076923076923075,39,-,-,-,-
Reservoir Dogs (1992),3.9864864864864864,148,-,-,-,-
Restoration (1995),3.464788732394366,71,-,-,-,-
"Return of Martin Guerre, The (Retour de Martin Guerre, Le) (1982)",3.772727272727273,44,-,-,-,-
Return of the Jedi (1983),4.007889546351085,507,-,-,-,-
"Return of the Pink Panther, The (1974)",3.5543478260869565,92,-,-,-,-
Rhyme & Reason (1997),2.2,5,-,-,-,-
"Rich Man's Wife, The (1996)",2.4,15,-,-,-,-
Richard III (1995),3.831460674157303,89,-,-,-,-
Richie Rich (1994),2.4285714285714284,21,-,-,-,-
Ridicule (1996),3.7045454545454546,44,-,-,-,-
"Right Stuff, The (1983)",3.917197452229299,157,-,-,-,-
Ripe (1996),2.0,1,-,-,-,-
Rising Sun (1993),2.9069767441860463,43,-,-,-,-
"River Wild, The (1994)",3.143835616438356,146,-,-,-,-
"Road to Wellville, The (1994)",2.2941176470588234,17,-,-,-,-
Rob Roy (1995),3.5652173913043477,92,-,-,-,-
Robert A. Heinlein's The Puppet Masters (1994),3.0,18,-,-,-,-
Robin Hood: Men in Tights (1993),2.5892857142857144,56,-,-,-,-
Robin Hood: Prince of Thieves (1991),3.2266666666666666,75,-,-,-,-
Robocop 3 (1993),1.7272727272727273,11,-,-,-,-
"Rock, The (1996)",3.693121693121693,378,-,-,-,-
Rocket Man (1997),2.4081632653061225,49,-,-,-,-
Roman Holiday (1953),4.102941176470588,68,-,-,-,-
Romeo Is Bleeding (1993),3.0,37,-,-,-,-
Romper Stomper (1992),3.0,5,-,-,-,-
Romy and Michele's High School Reunion (1997),3.061224489795918,98,-,-,-,-
"Room with a View, A (1986)",3.985074626865672,134,-,-,-,-
Roommates (1995),3.230769230769231,13,-,-,-,-
Roseanna's Grave (For Roseanna) (1997),2.8,5,-,-,-,-
Rosencrantz and Guildenstern Are Dead (1990),3.888888888888889,90,-,-,-,-
Rosewood (1997),3.6666666666666665,114,-,-,-,-
Rough Magic (1995),2.5,2,-,-,-,-
Ruby in Paradise (1993),3.130434782608696,23,-,-,-,-
Rudy (1993),3.3125,64,-,-,-,-
"Ruling Class, The (1972)",3.875,16,-,-,-,-
Rumble in the Bronx (1995),3.4482758620689653,174,-,-,-,-
"Run of the Country, The (1995)",3.25,4,-,-,-,-
S.F.W. (1994),3.0,2,-,-,-,-
Sabrina (1954),3.796875,64,-,-,-,-
Sabrina (1995),3.5,190,-,-,-,-
Safe (1995),4.0,13,-,-,-,-
Safe Passage (1994),3.0,2,-,-,-,-
"Saint of Fort Washington, The (1993)",5.0,2,-,-,-,-
"Saint, The (1997)",3.1234177215189876,316,-,-,-,-
Salut cousin! (1996),2.0,2,-,-,-,-
"Santa Clause, The (1994)",3.097560975609756,82,-,-,-,-
Santa with Muscles (1996),5.0,2,-,-,-,-
"Savage Nights (Nuits fauves, Les) (1992)",3.0,3,-,-,-,-
"Scarlet Letter, The (1926)",3.0,2,-,-,-,-
"Scarlet Letter, The (1995)",2.4,5,-,-,-,-
Schindler's List (1993),4.466442953020135,298,-,-,-,-
Schizopolis (1996),3.0,4,-,-,-,-
"Scout, The (1994)",2.6666666666666665,12,-,-,-,-
Scream (1996),3.4414225941422596,478,-,-,-,-
Scream 2 (1997),3.2169811320754715,106,-,-,-,-
Scream of Stone (Schrei aus Stein) (1991),3.0,1,-,-,-,-
Screamers (1995),2.652173913043478,46,-,-,-,-
"Search for One-eye Jimmy, The (1996)",2.6666666666666665,3,-,-,-,-
Searching for Bobby Fischer (1993),3.9057971014492754,138,-,-,-,-
"Second Jungle Book: Mowgli & Baloo, The (1997)",2.0,6,-,-,-,-
"Secret Adventures of Tom Thumb, The (1993)",2.6,5,-,-,-,-
"Secret Agent, The (1996)",3.0,6,-,-,-,-
"Secret Garden, The (1993)",3.5443037974683542,79,-,-,-,-
"Secret of Roan Inish, The (1994)",3.859154929577465,71,-,-,-,-
Secrets & Lies (1996),4.265432098765432,162,-,-,-,-
Selena (1997),3.625,16,-,-,-,-
Sense and Sensibility (1995),4.0111940298507465,268,-,-,-,-
Senseless (1998),2.4285714285714284,7,-,-,-,-
Serial Mom (1994),2.814814814814815,54,-,-,-,-
Set It Off (1996),3.4210526315789473,19,-,-,-,-
Seven (Se7en) (1995),3.847457627118644,236,-,-,-,-
Seven Years in Tibet (1997),3.458064516129032,155,-,-,-,-
"Seventh Seal, The (Sjunde inseglet, Det) (1957)",3.5416666666666665,72,-,-,-,-
"Sex, Lies, and Videotape (1989)",3.4752475247524752,101,-,-,-,-
"Sexual Life of the Belgians, The (1994)",1.5,2,-,-,-,-
Sgt. Bilko (1996),2.5675675675675675,74,-,-,-,-
Shadow Conspiracy (1997),2.8636363636363638,44,-,-,-,-
Shadow of Angels (Schatten der Engel) (1976),1.0,1,-,-,-,-
"Shadow, The (1994)",2.888888888888889,45,-,-,-,-
Shadowlands (1993),3.9358974358974357,78,-,-,-,-
Shadows (Cienie) (1988),1.0,1,-,-,-,-
"Shaggy Dog, The (1959)",3.0,30,-,-,-,-
Shall We Dance? (1937),3.7058823529411766,17,-,-,-,-
Shall We Dance? (1996),4.260869565217392,46,-,-,-,-
Shallow Grave (1994),3.8181818181818183,66,-,-,-,-
Shanghai Triad (Yao a yao yao dao waipo qiao) (1995),3.576923076923077,26,-,-,-,-
"Shawshank Redemption, The (1994)",4.445229681978798,283,-,-,-,-
She's So Lovely (1997),2.7358490566037736,53,-,-,-,-
She's the One (1996),3.0136986301369864,73,-,-,-,-
Shiloh (1997),2.8333333333333335,12,-,-,-,-
Shine (1996),3.9224806201550386,129,-,-,-,-
"Shining, The (1980)",3.825242718446602,206,-,-,-,-
"Shooter, The (1995)",2.6666666666666665,3,-,-,-,-
Shooting Fish (1997),2.5,10,-,-,-,-
Shopping (1994),2.0,1,-,-,-,-
Short Cuts (1993),3.7761194029850746,67,-,-,-,-
"Show, The (1995)",3.0,2,-,-,-,-
Showgirls (1995),1.9565217391304348,23,-,-,-,-
"Silence of the Lambs, The (1991)",4.28974358974359,390,-,-,-,-
"Silence of the Palace, The (Saimt el Qusur) (1994)",3.0,1,-,-,-,-
"Simple Twist of Fate, A (1994)",3.2,10,-,-,-,-
"Simple Wish, A (1997)",1.6666666666666667,3,-,-,-,-
Singin' in the Rain (1952),3.9927007299270074,137,-,-,-,-
Sirens (1994),2.983050847457627,59,-,-,-,-
Six Degrees of Separation (1993),3.77027027027027,74,-,-,-,-
"Sixth Man, The (1997)",3.2222222222222223,9,-,-,-,-
Sleeper (1973),3.6341463414634148,82,-,-,-,-
Sleepers (1996),3.514792899408284,169,-,-,-,-
Sleepless in Seattle (1993),3.539906103286385,213,-,-,-,-
Sleepover (1995),3.0,1,-,-,-,-
Sliding Doors (1998),2.6,5,-,-,-,-
Sling Blade (1996),4.198529411764706,136,-,-,-,-
"Slingshot, The (1993)",3.5,2,-,-,-,-
Sliver (1993),2.4054054054054053,37,-,-,-,-
Small Faces (1995),2.0,1,-,-,-,-
"Smile Like Yours, A (1997)",2.88,25,-,-,-,-
Smilla's Sense of Snow (1997),3.1666666666666665,48,-,-,-,-
Smoke (1995),3.6216216216216215,74,-,-,-,-
Sneakers (1992),3.513333333333333,150,-,-,-,-
Snow White and the Seven Dwarfs (1937),3.7093023255813953,172,-,-,-,-
So Dear to My Heart (1949),3.25,4,-,-,-,-
So I Married an Axe Murderer (1993),3.0526315789473686,95,-,-,-,-
Solo (1996),1.8333333333333333,12,-,-,-,-
Some Folks Call It a Sling Blade (1993),4.2926829268292686,41,-,-,-,-
Some Kind of Wonderful (1987),3.6610169491525424,59,-,-,-,-
Some Like It Hot (1959),3.984375,128,-,-,-,-
Some Mother's Son (1996),4.5,2,-,-,-,-
Somebody to Love (1994),1.0,2,-,-,-,-
Someone Else's America (1995),5.0,1,-,-,-,-
Something to Talk About (1995),2.769230769230769,26,-,-,-,-
Somewhere in Time (1980),3.426829268292683,82,-,-,-,-
Son in Law (1993),2.4871794871794872,39,-,-,-,-
Sophie's Choice (1982),3.896551724137931,58,-,-,-,-
Soul Food (1997),3.169491525423729,59,-,-,-,-
"Sound of Music, The (1965)",3.765765765765766,222,-,-,-,-
Space Jam (1996),2.774193548387097,93,-,-,-,-
"Spanish Prisoner, The (1997)",4.0,1,-,-,-,-
Spanking the Monkey (1994),3.074074074074074,27,-,-,-,-
Spawn (1997),2.6153846153846154,143,-,-,-,-
"Specialist, The (1994)",2.25,20,-,-,-,-
Species (1995),2.8666666666666667,45,-,-,-,-
Speechless (1994),3.0833333333333335,36,-,-,-,-
Speed (1994),3.6478260869565218,230,-,-,-,-
Speed 2: Cruise Control (1997),2.1315789473684212,38,-,-,-,-
Spellbound (1945),3.933333333333333,30,-,-,-,-
Sphere (1998),2.926829268292683,41,-,-,-,-
Spice World (1997),2.1153846153846154,26,-,-,-,-
Spirits of the Dead (Tre passi nel delirio) (1968),2.5,2,-,-,-,-
"Spitfire Grill, The (1996)",3.804123711340206,97,-,-,-,-
Sprung (1997),2.0,3,-,-,-,-
Spy Hard (1996),2.511627906976744,43,-,-,-,-
Squeeze (1996),1.6666666666666667,3,-,-,-,-
Stag (1997),2.111111111111111,9,-,-,-,-
Stalingrad (1993),3.1666666666666665,12,-,-,-,-
Stalker (1979),3.5454545454545454,11,-,-,-,-
Stand by Me (1986),3.881057268722467,227,-,-,-,-
Star Kid (1997),5.0,3,-,-,-,-
"Star Maker, The (Uomo delle stelle, L') (1995)",3.1666666666666665,12,-,-,-,-
Star Maps (1997),3.0526315789473686,19,-,-,-,-
Star Trek III: The Search for Spock (1984),3.111111111111111,171,-,-,-,-
Star Trek IV: The Voyage Home (1986),3.4472361809045227,199,-,-,-,-
Star Trek V: The Final Frontier (1989),2.3968253968253967,63,-,-,-,-
Star Trek VI: The Undiscovered Country (1991),3.279503105590062,161,-,-,-,-
Star Trek: First Contact (1996),3.66027397260274,365,-,-,-,-
Star Trek: Generations (1994),3.336206896551724,116,-,-,-,-
Star Trek: The Motion Picture (1979),3.034188034188034,117,-,-,-,-
Star Trek: The Wrath of Khan (1982),3.8155737704918034,244,-,-,-,-
Star Wars (1977),4.359589041095891,584,-,-,-,-
Stargate (1994),3.141732283464567,127,-,-,-,-
"Stars Fell on Henrietta, The (1995)",2.3333333333333335,3,-,-,-,-
Starship Troopers (1997),3.2322274881516586,211,-,-,-,-
"Steal Big, Steal Little (1995)",2.5714285714285716,7,-,-,-,-
Stealing Beauty (1996),3.375,64,-,-,-,-
Steel (1997),2.1578947368421053,19,-,-,-,-
Stefano Quantestorie (1993),1.0,1,-,-,-,-
Stephen King's The Langoliers (1995),2.413793103448276,29,-,-,-,-
"Sting, The (1973)",4.058091286307054,241,-,-,-,-
Stonewall (1995),4.2,5,-,-,-,-
"Story of Xinghua, The (1993)",3.2,5,-,-,-,-
Strange Days (1995),3.264367816091954,87,-,-,-,-
Stranger in the House (1997),2.4285714285714284,7,-,-,-,-
"Stranger, The (1994)",3.0,3,-,-,-,-
Strawberry and Chocolate (Fresa y chocolate) (1993),3.272727272727273,11,-,-,-,-
Street Fighter (1994),2.75,8,-,-,-,-
"Streetcar Named Desire, A (1951)",3.816326530612245,98,-,-,-,-
Strictly Ballroom (1992),4.028846153846154,104,-,-,-,-
Striking Distance (1993),2.5833333333333335,12,-,-,-,-
Stripes (1981),3.8,5,-,-,-,-
Striptease (1996),2.2388059701492535,67,-,-,-,-
Stuart Saves His Family (1995),2.125,16,-,-,-,-
"Stupids, The (1996)",2.0,17,-,-,-,-
SubUrbia (1997),3.6666666666666665,12,-,-,-,-
"Substance of Fire, The (1996)",3.25,4,-,-,-,-
"Substitute, The (1996)",2.693877551020408,49,-,-,-,-
Sudden Death (1995),2.723404255319149,47,-,-,-,-
Sudden Manhattan (1996),1.5,2,-,-,-,-
"Sum of Us, The (1994)",3.5454545454545454,11,-,-,-,-
"Sunchaser, The (1996)",3.0,1,-,-,-,-
Sunset Blvd. (1950),4.2,65,-,-,-,-
Sunset Park (1996),2.5,8,-,-,-,-
Super Mario Bros. (1993),2.076923076923077,26,-,-,-,-
Supercop (1992),3.5384615384615383,65,-,-,-,-
Surviving Picasso (1996),3.1052631578947367,19,-,-,-,-
Surviving the Game (1994),2.4545454545454546,11,-,-,-,-
Suture (1993),2.25,4,-,-,-,-
"Swan Princess, The (1994)",2.857142857142857,7,-,-,-,-
"Sweet Hereafter, The (1997)",3.772727272727273,44,-,-,-,-
Sweet Nothing (1995),3.0,1,-,-,-,-
Swept from the Sea (1997),2.4285714285714284,7,-,-,-,-
Swimming with Sharks (1995),3.574468085106383,47,-,-,-,-
Swingers (1996),3.828025477707006,157,-,-,-,-
Swiss Family Robinson (1960),3.358974358974359,39,-,-,-,-
Switchback (1997),2.823529411764706,17,-,-,-,-
Switchblade Sisters (1975),3.230769230769231,13,-,-,-,-
"Sword in the Stone, The (1963)",3.3292682926829267,82,-,-,-,-
"Symphonie pastorale, La (1946)",1.0,1,-,-,-,-
T-Men (1947),1.0,1,-,-,-,-
Tainted (1998),3.0,1,-,-,-,-
Tales From the Crypt Presents: Demon Knight (1995),2.9767441860465116,43,-,-,-,-
Tales from the Crypt Presents: Bordello of Blood (1996),2.6363636363636362,55,-,-,-,-
Tales from the Hood (1995),2.037037037037037,27,-,-,-,-
Talking About Sex (1994),1.8,5,-,-,-,-
"Tango Lesson, The (1997)",3.3846153846153846,13,-,-,-,-
Tank Girl (1995),2.8536585365853657,41,-,-,-,-
Target (1995),3.0,1,-,-,-,-
Taxi Driver (1976),4.1208791208791204,182,-,-,-,-
Telling Lies in America (1997),3.230769230769231,13,-,-,-,-
Temptress Moon (Feng Yue) (1996),1.6666666666666667,3,-,-,-,-
Terminal Velocity (1994),2.676470588235294,34,-,-,-,-
Terminator 2: Judgment Day (1991),4.0067796610169495,295,-,-,-,-
"Terminator, The (1984)",3.9335548172757475,301,-,-,-,-
Terror in a Texas Town (1958),1.0,1,-,-,-,-
Tetsuo II: Body Hammer (1992),2.6666666666666665,6,-,-,-,-
That Darn Cat! (1965),2.473684210526316,19,-,-,-,-
That Darn Cat! (1997),2.4634146341463414,41,-,-,-,-
That Old Feeling (1997),3.3636363636363638,11,-,-,-,-
That Thing You Do! (1996),3.465909090909091,176,-,-,-,-
The Courtyard (1995),1.0,1,-,-,-,-
The Deadly Cure (1996),3.0,2,-,-,-,-
The Innocent (1994),3.0,4,-,-,-,-
Theodore Rex (1995),1.4,5,-,-,-,-
They Made Me a Criminal (1939),5.0,1,-,-,-,-
"Thieves (Voleurs, Les) (1996)",3.7142857142857144,7,-,-,-,-
"Thin Blue Line, The (1988)",3.7714285714285714,35,-,-,-,-
"Thin Line Between Love and Hate, A (1996)",2.4166666666666665,12,-,-,-,-
"Thin Man, The (1934)",4.15,60,-,-,-,-
Things to Do in Denver when You're Dead (1995),3.1549295774647885,71,-,-,-,-
Thinner (1996),2.4489795918367347,49,-,-,-,-
"Third Man, The (1949)",4.333333333333333,72,-,-,-,-
Thirty-Two Short Films About Glenn Gould (1993),3.9444444444444446,18,-,-,-,-
This Is Spinal Tap (1984),3.905759162303665,191,-,-,-,-
"Thousand Acres, A (1997)",3.4054054054054053,37,-,-,-,-
"Three Caballeros, The (1945)",3.272727272727273,22,-,-,-,-
Three Colors: Blue (1993),4.015625,64,-,-,-,-
Three Colors: Red (1994),4.0602409638554215,83,-,-,-,-
Three Colors: White (1994),3.864406779661017,59,-,-,-,-
Three Lives and Only One Death (1996),3.0,1,-,-,-,-
"Three Musketeers, The (1993)",3.303370786516854,89,-,-,-,-
Three Wishes (1995),3.2222222222222223,9,-,-,-,-
Threesome (1994),2.838709677419355,31,-,-,-,-
Tie Me Up! Tie Me Down! (1990),3.1875,32,-,-,-,-
"Tie That Binds, The (1995)",2.4285714285714284,7,-,-,-,-
Tigrero: A Film That Was Never Made (1994),1.0,1,-,-,-,-
Time Tracers (1995),1.5,2,-,-,-,-
"Time to Kill, A (1996)",3.685344827586207,232,-,-,-,-
Timecop (1994),3.096774193548387,31,-,-,-,-
Tin Cup (1996),3.160621761658031,193,-,-,-,-
"Tin Drum, The (Blechtrommel, Die) (1979)",3.7,40,-,-,-,-
Tin Men (1987),3.0784313725490198,51,-,-,-,-
Titanic (1997),4.2457142857142856,350,-,-,-,-
To Be or Not to Be (1942),3.611111111111111,18,-,-,-,-
To Catch a Thief (1955),4.02,50,-,-,-,-
To Cross the Rubicon (1991),1.0,1,-,-,-,-
To Die For (1995),3.2758620689655173,87,-,-,-,-
To Gillian on Her 37th Birthday (1996),3.0681818181818183,44,-,-,-,-
"To Have, or Not (1995)",2.0,2,-,-,-,-
To Kill a Mockingbird (1962),4.292237442922374,219,-,-,-,-
To Live (Huozhe) (1994),3.7857142857142856,14,-,-,-,-
"To Wong Foo, Thanks for Everything! Julie Newmar (1995)",2.8947368421052633,57,-,-,-,-
Tokyo Fist (1995),4.0,1,-,-,-,-
Tom & Viv (1994),3.3333333333333335,9,-,-,-,-
Tom and Huck (1995),3.1666666666666665,12,-,-,-,-
Tombstone (1993),3.6666666666666665,108,-,-,-,-
Tommy Boy (1995),2.909090909090909,66,-,-,-,-
Tomorrow Never Dies (1997),3.4277777777777776,180,-,-,-,-
Top Gun (1986),3.481818181818182,220,-,-,-,-
Top Hat (1935),4.0476190476190474,21,-,-,-,-
Total Eclipse (1995),2.75,4,-,-,-,-
Touch (1997),2.7777777777777777,9,-,-,-,-
Touch of Evil (1958),3.911764705882353,34,-,-,-,-
Tough and Deadly (1995),3.0,2,-,-,-,-
Touki Bouki (Journey of the Hyena) (1973),1.0,1,-,-,-,-
Toy Story (1995),3.8783185840707963,452,-,-,-,-
Trainspotting (1996),3.884,250,-,-,-,-
"Transformers: The Movie, The (1986)",2.84375,32,-,-,-,-
Traveller (1997),3.3076923076923075,13,-,-,-,-
"Treasure of the Sierra Madre, The (1948)",4.1,80,-,-,-,-
Trees Lounge (1996),3.24,50,-,-,-,-
Trial and Error (1997),2.5217391304347827,23,-,-,-,-
Trial by Jury (1994),2.4285714285714284,7,-,-,-,-
"Trigger Effect, The (1996)",3.2,35,-,-,-,-
True Crime (1995),3.3333333333333335,9,-,-,-,-
True Lies (1994),3.5625,208,-,-,-,-
True Romance (1993),3.6153846153846154,104,-,-,-,-
"Truman Show, The (1998)",2.909090909090909,11,-,-,-,-
Trust (1990),3.789473684210526,19,-,-,-,-
"Truth About Cats & Dogs, The (1996)",3.485294117647059,272,-,-,-,-
"Truth or Consequences, N.M. (1997)",2.0,3,-,-,-,-
Turbo: A Power Rangers Movie (1997),1.8,5,-,-,-,-
Turbulence (1997),2.5652173913043477,23,-,-,-,-
"Turning, The (1992)",2.5,2,-,-,-,-
Twelfth Night (1996),3.413793103448276,29,-,-,-,-
Twelve Monkeys (1995),3.798469387755102,392,-,-,-,-
Twilight (1998),2.5,4,-,-,-,-
Twin Town (1997),2.1666666666666665,6,-,-,-,-
Twisted (1996),3.5,6,-,-,-,-
Twister (1996),3.2150170648464163,293,-,-,-,-
Two Bits (1995),2.2,5,-,-,-,-
Two Deaths (1995),2.25,4,-,-,-,-
Two Friends (1986) ,3.0,1,-,-,-,-
Two Much (1996),2.4285714285714284,7,-,-,-,-
Two if by Sea (1996),2.6,25,-,-,-,-
Two or Three Things I Know About Her (1966),3.75,4,-,-,-,-
U Turn (1997),3.359375,64,-,-,-,-
U.S. Marshalls (1998),3.0,9,-,-,-,-
Ulee's Gold (1997),3.760869565217391,184,-,-,-,-
"Umbrellas of Cherbourg, The (Parapluies de Cherbourg, Les) (1964)",3.761904761904762,21,-,-,-,-
"Unbearable Lightness of Being, The (1988)",3.4565217391304346,92,-,-,-,-
Under Siege (1992),3.2903225806451615,124,-,-,-,-
Under Siege 2: Dark Territory (1995),2.4583333333333335,48,-,-,-,-
Underground (1995),2.8,5,-,-,-,-
"Underneath, The (1995)",2.75,4,-,-,-,-
Underworld (1997),2.5,4,-,-,-,-
Unforgettable (1996),3.323529411764706,34,-,-,-,-
Unforgiven (1992),3.868131868131868,182,-,-,-,-
Unhook the Stars (1996),2.5,10,-,-,-,-
Unstrung Heroes (1995),3.3181818181818183,22,-,-,-,-
Until the End of the World (Bis ans Ende der Welt) (1991),2.8260869565217392,23,-,-,-,-
Unzipped (1995),3.5454545454545454,11,-,-,-,-
Up Close and Personal (1996),3.1882352941176473,85,-,-,-,-
Up in Smoke (1978),3.25531914893617,47,-,-,-,-
"Usual Suspects, The (1995)",4.385767790262173,267,-,-,-,-
Vampire in Brooklyn (1995),1.8333333333333333,12,-,-,-,-
"Van, The (1996)",2.6666666666666665,6,-,-,-,-
Vanya on 42nd Street (1994),3.5925925925925926,27,-,-,-,-
Vegas Vacation (1997),2.4,75,-,-,-,-
Venice/Venice (1992),1.0,2,-,-,-,-
Vermin (1998),2.0,2,-,-,-,-
Vermont Is For Lovers (1992),1.0,1,-,-,-,-
Vertigo (1958),4.251396648044692,179,-,-,-,-
"Very Brady Sequel, A (1996)",2.3978494623655915,93,-,-,-,-
"Very Natural Thing, A (1974)",1.0,1,-,-,-,-
Victor/Victoria (1982),3.3376623376623376,77,-,-,-,-
"Vie est belle, La (Life is Rosey) (1987)",1.0,1,-,-,-,-
Village of the Damned (1995),2.6818181818181817,22,-,-,-,-
Virtuosity (1995),2.736842105263158,38,-,-,-,-
"Visitors, The (Visiteurs, Les) (1993)",3.5,2,-,-,-,-
Volcano (1997),2.808219178082192,219,-,-,-,-
Wag the Dog (1997),3.510948905109489,137,-,-,-,-
Waiting for Guffman (1996),4.127659574468085,47,-,-,-,-
Waiting to Exhale (1995),2.5,16,-,-,-,-
"Walk in the Clouds, A (1995)",3.2857142857142856,63,-,-,-,-
"Walk in the Sun, A (1945)",3.0,1,-,-,-,-
Walkabout (1971),3.8461538461538463,26,-,-,-,-
"Walking Dead, The (1995)",2.25,4,-,-,-,-
Walking and Talking (1996),3.625,8,-,-,-,-
Wallace & Gromit: The Best of Aardman Animation (1996),4.447761194029851,67,-,-,-,-
"War Room, The (1993)",3.3333333333333335,9,-,-,-,-
"War at Home, The (1996)",2.0,1,-,-,-,-
"War, The (1994)",3.2666666666666666,15,-,-,-,-
Warriors of Virtue (1997),3.0,10,-,-,-,-
Washington Square (1997),3.2941176470588234,34,-,-,-,-
Waterworld (1995),2.803921568627451,102,-,-,-,-
Wedding Bell Blues (1996),3.0,1,-,-,-,-
"Wedding Gift, The (1994)",4.0,3,-,-,-,-
"Wedding Singer, The (1998)",3.486111111111111,72,-,-,-,-
Weekend at Bernie's (1989),2.6166666666666667,60,-,-,-,-
Welcome To Sarajevo (1997),3.3636363636363638,22,-,-,-,-
Welcome to the Dollhouse (1995),3.7232142857142856,112,-,-,-,-
Wend Kuuni (God's Gift) (1982),1.0,1,-,-,-,-
Wes Craven's New Nightmare (1994),2.8,35,-,-,-,-
What Happened Was... (1994),2.625,8,-,-,-,-
What's Eating Gilbert Grape (1993),3.5391304347826087,115,-,-,-,-
What's Love Got to Do with It (1993),3.488888888888889,45,-,-,-,-
When Harry Met Sally... (1989),3.910344827586207,290,-,-,-,-
When Night Is Falling (1995),3.4,5,-,-,-,-
When We Were Kings (1996),4.045454545454546,44,-,-,-,-
When a Man Loves a Woman (1994),3.4871794871794872,39,-,-,-,-
When the Cats Away (Chacun cherche son chat) (1996),3.5625,16,-,-,-,-
While You Were Sleeping (1995),3.549382716049383,162,-,-,-,-
"White Balloon, The (1995)",2.8,10,-,-,-,-
White Man's Burden (1995),2.0,10,-,-,-,-
White Squall (1996),3.4,85,-,-,-,-
"Whole Wide World, The (1996)",4.0,6,-,-,-,-
Widows' Peak (1994),3.5789473684210527,19,-,-,-,-
"Wife, The (1995)",3.0,1,-,-,-,-
Wild America (1997),2.888888888888889,9,-,-,-,-
Wild Bill (1995),2.5,12,-,-,-,-
"Wild Bunch, The (1969)",4.023255813953488,43,-,-,-,-
Wild Reeds (1994),3.142857142857143,14,-,-,-,-
Wild Things (1998),2.727272727272727,11,-,-,-,-
William Shakespeare's Romeo and Juliet (1996),3.5943396226415096,106,-,-,-,-
Willy Wonka and the Chocolate Factory (1971),3.6319018404907975,326,-,-,-,-
Window to Paris (1994),4.0,1,-,-,-,-
Wings of Courage (1995),4.0,1,-,-,-,-
Wings of Desire (1987),4.0,57,-,-,-,-
"Wings of the Dove, The (1997)",3.68,75,-,-,-,-
Winnie the Pooh and the Blustery Day (1968),3.8,75,-,-,-,-
"Winter Guest, The (1997)",3.4444444444444446,9,-,-,-,-
Wishmaster (1997),2.4444444444444446,27,-,-,-,-
With Honors (1994),3.0652173913043477,46,-,-,-,-
Withnail and I (1987),3.230769230769231,13,-,-,-,-
Witness (1985),4.0,1,-,-,-,-
"Wizard of Oz, The (1939)",4.0772357723577235,246,-,-,-,-
Wolf (1994),2.701492537313433,67,-,-,-,-
"Woman in Question, The (1950)",1.0,1,-,-,-,-
"Women, The (1939)",3.6666666666666665,15,-,-,-,-
"Wonderful, Horrible Life of Leni Riefenstahl, The (1993)",4.0,10,-,-,-,-
Wonderland (1997),3.2,10,-,-,-,-
"Wooden Man's Bride, The (Wu Kui) (1994)",2.6666666666666665,3,-,-,-,-
"World of Apu, The (Apur Sansar) (1959)",4.0,6,-,-,-,-
"Wrong Trousers, The (1993)",4.466101694915254,118,-,-,-,-
Wyatt Earp (1994),3.1,50,-,-,-,-
Yankee Zulu (1994),1.0,1,-,-,-,-
Year of the Horse (1997),3.2857142857142856,7,-,-,-,-
You So Crazy (1994),3.0,1,-,-,-,-
Young Frankenstein (1974),3.945,200,-,-,-,-
Young Guns (1988),3.207920792079208,101,-,-,-,-
Young Guns II (1990),2.772727272727273,44,-,-,-,-
"Young Poisoner's Handbook, The (1995)",3.341463414634146,41,-,-,-,-
Zeus and Roxanne (1997),2.1666666666666665,6,-,-,-,-
unknown,3.4444444444444446,9,-,-,-,-
Á köldum klaka (Cold Fever) (1994),3.0,1,-,-,-,-
